source_material_code,description,uom,specifications,source_system
ONGC-1000,"STUD BOLT WITH 2 HEAVY HEX NUTS 7/8"" X 5.5"" RATING CLASS 2A/2B ASTM A320 L7",SET,"ASME B18.2.1 SPEC COMPLIANT, TESTING AS PER RELEVANT STANDARD",SAP_ONGC
IOCL-1001,"6"" SEAMLESS PIPE API 5L GRADE B SCH 40 API 5L",MTR,"API 5L SPEC COMPLIANT, TESTING AS PER RELEVANT STANDARD",SAP_IOCL
GAIL-1002,"ZINC PLATED STUD BOLT, 5/8"" X 3.5"", CLASS 2A/2B, ASTM A193 GRADE B7 WITH A194 2H",NOS,"ASME B18.2.2 SPEC COMPLIANT, TESTING AS PER RELEVANT STANDARD",SAP_GAIL
BPCL-1003,"BLIND FLANGE SMOOTH FINISH 1"" RATING 300# ASTM A105",NOS,"ASME B16.5 SPEC COMPLIANT, TESTING AS PER RELEVANT STANDARD",SAP_BPCL
HPCL-1004,GATE VALVE 6 INCH 600 LB SS 316L FLEXIBLE WEDGE,PC,"API 600 SPEC COMPLIANT, TESTING AS PER RELEVANT STANDARD",SAP_HPCL
ONGC-1005,"8"" BALL VALVE SS 316 1500# ASME B16.34",NOS,"ASME B16.34 SPEC COMPLIANT, TESTING AS PER RELEVANT STANDARD",SAP_ONGC
IOCL-1006,"WELD NECK FLANGE RAISED FACE 4"" RATING CL 600 ASTM A182 F316L",NUMBER,"ASME B16.47 SPEC COMPLIANT, TESTING AS PER RELEVANT STANDARD",SAP_IOCL
GAIL-1007,"BLIND FLANGE RAISED FACE 8"" RATING 600# ASTM A350 LF2",NOS,"ASME B16.5 SPEC COMPLIANT, TESTING AS PER RELEVANT STANDARD",SAP_GAIL
BPCL-1008,"GATE VALVE BOLTED BONNET 2"" RATING 300 LB ASTM A350 LF2",PC,"ASME B16.34 SPEC COMPLIANT, TESTING AS PER RELEVANT STANDARD",SAP_BPCL
HPCL-1009,"10"" BLIND FLANGE ASTM A350 LF2 300LBS ASME B16.5",EA,"ASME B16.5 SPEC COMPLIANT, TESTING AS PER RELEVANT STANDARD",SAP_HPCL
ONGC-1010,"3"" WELD NECK FLANGE ASTM A182 F304L CL 600 DIN 2633",NOS,"DIN 2633 SPEC COMPLIANT, TESTING AS PER RELEVANT STANDARD",SAP_ONGC
IOCL-1011,WELD NECK FLANGE 6IN 150# ASTM A182 F304L FLAT FACE,EA,"ASME B16.5 SPEC COMPLIANT, TESTING AS PER RELEVANT STANDARD",SAP_IOCL
GAIL-1012,"2"" WELD NECK FLANGE ASTM A350 LF2 600# ASME B16.5",NUMBER,"ASME B16.5 SPEC COMPLIANT, TESTING AS PER RELEVANT STANDARD",SAP_GAIL
BPCL-1013,"6"" GATE VALVE SS 316L CL 600 API 600",NUMBER,"API 600 SPEC COMPLIANT, TESTING AS PER RELEVANT STANDARD",SAP_BPCL
HPCL-1014,"STUD BOLT 7/8"" X 5.5"" CLASS 2A/2B ASTM A193 GRADE B7 WITH A194 2H WITH 2 HEAVY HEX NUTS",EA,"ASME B18.2.2 SPEC COMPLIANT, TESTING AS PER RELEVANT STANDARD",SAP_HPCL
ONGC-1015,DN 80 X DN 50 CENTRIFUGAL PUMP BRONZE 25 BAR API 610,EA,"API 610 SPEC COMPLIANT, TESTING AS PER RELEVANT STANDARD",SAP_ONGC
IOCL-1016,"STUD BOLT 7/8"" X 5.5"" CLASS 2A/2B ASTM A193 GRADE B7 WITH A194 2H WITH 2 HEAVY HEX NUTS",NOS,"ASME B18.2.2 SPEC COMPLIANT, TESTING AS PER RELEVANT STANDARD",SAP_IOCL
GAIL-1017,GATE VALVE DN150 600# SS 316L FLEXIBLE WEDGE,PC,"API 600 SPEC COMPLIANT, TESTING AS PER RELEVANT STANDARD",SAP_GAIL
BPCL-1018,"3/4"" X 4.5"" STUD BOLT ASTM A320 L7 CLASS 2A/2B ASME B18.2.1",EA,"ASME B18.2.1 SPEC COMPLIANT, TESTING AS PER RELEVANT STANDARD",SAP_BPCL
HPCL-1019,"BLIND FLANGE RAISED FACE 8"" RATING CL 600 ASTM A350 LF2",NOS,"ASME B16.5 SPEC COMPLIANT, TESTING AS PER RELEVANT STANDARD",SAP_HPCL
ONGC-1020,"WELD NECK FLANGE 10"" 1500# ASTM A182 F316L RAISED FACE",NUMBER,"ASME B16.5 SPEC COMPLIANT, TESTING AS PER RELEVANT STANDARD",SAP_ONGC
IOCL-1021,"WITH 2 HEAVY HEX NUTS STUD BOLT, 7/8"" X 5.5"", CLASS 2A/2B, ASTM A320 L7",SET,"ASME B18.2.1 SPEC COMPLIANT, TESTING AS PER RELEVANT STANDARD",SAP_IOCL
GAIL-1022,"STUD BOLT 5/8"" X 3.5"" CLASS 2A/2B ASTM A193 GRADE B7 WITH A194 2H ZINC PLATED",EA,"ASME B18.2.2 SPEC COMPLIANT, TESTING AS PER RELEVANT STANDARD",SAP_GAIL
BPCL-1023,GATE VALVE 3 IN 150 LB ASTM A350 LF2 FLEXIBLE WEDGE,EA,"API 600 SPEC COMPLIANT, TESTING AS PER RELEVANT STANDARD",SAP_BPCL
HPCL-1024,WELD NECK FLANGE RING TYPE JOINT 3 INCH RATING CLASS 600 ASTM A182 F304L,NOS,"DIN 2633 SPEC COMPLIANT, TESTING AS PER RELEVANT STANDARD",SAP_HPCL
ONGC-1025,"SPIRAL WOUND GASKET 8"" 900# SS 316L WINDINGS WITH CS OUTER RING GRAPHITE FILLER",PCS,"ASME B16.20 SPEC COMPLIANT, TESTING AS PER RELEVANT STANDARD",SAP_ONGC
IOCL-1026,"RISING STEM GATE VALVE, 3IN, 900#, SS 316L",EA,"API 602 SPEC COMPLIANT, TESTING AS PER RELEVANT STANDARD",SAP_IOCL
GAIL-1027,"BALL VALVE 12"" CL 600 ASTM A350 LF2 2-PIECE",SET,"API 6D SPEC COMPLIANT, TESTING AS PER RELEVANT STANDARD",SAP_GAIL
BPCL-1028,"2"" GATE VALVE ASTM A350 LF2 300LBS ASME B16.34",NOS,"ASME B16.34 SPEC COMPLIANT, TESTING AS PER RELEVANT STANDARD",SAP_BPCL
HPCL-1029,"WITH INNER & OUTER RING SPIRAL WOUND GASKET, 4 INCH, 150#, SS 304 WINDINGS",PC,"ASME B16.20 SPEC COMPLIANT, TESTING AS PER RELEVANT STANDARD",SAP_HPCL
ONGC-1030,"4"" SPIRAL WOUND GASKET SS 304 WINDINGS 150LBS ASME B16.20",NOS,"ASME B16.20 SPEC COMPLIANT, TESTING AS PER RELEVANT STANDARD",SAP_ONGC
IOCL-1031,"BLIND FLANGE SMOOTH FINISH 3"" RATING CL 300 ASTM A105",EA,"ASME B16.5 SPEC COMPLIANT, TESTING AS PER RELEVANT STANDARD",SAP_IOCL
GAIL-1032,"BLIND FLANGE RTJ FACING 10"" RATING CLASS 300 ASTM A350 LF2",EA,"ASME B16.5 SPEC COMPLIANT, TESTING AS PER RELEVANT STANDARD",SAP_GAIL
BPCL-1033,"8"" SPIRAL WOUND GASKET SS 316L WINDINGS WITH CS OUTER RING 900# ASME B16.20",PCS,"ASME B16.20 SPEC COMPLIANT, TESTING AS PER RELEVANT STANDARD",SAP_BPCL
HPCL-1034,2 IN BLIND FLANGE ASTM A350 LF2 300LBS ASME B16.5,PC,"ASME B16.5 SPEC COMPLIANT, TESTING AS PER RELEVANT STANDARD",SAP_HPCL
ONGC-1035,GATE VALVE FLEXIBLE WEDGE DN150 RATING 600# SS 316L,PC,"API 600 SPEC COMPLIANT, TESTING AS PER RELEVANT STANDARD",SAP_ONGC
IOCL-1036,CENTRIFUGAL PUMP DN 80 X DN 50 40 BAR DUCTILE IRON DI MULTI STAGE,NUMBER,"ISO 2858 SPEC COMPLIANT, TESTING AS PER RELEVANT STANDARD",SAP_IOCL
GAIL-1037,"BALL VALVE TRUNNION MOUNTED 10"" RATING 900# DUPLEX 2205",NOS,"BS 5351 SPEC COMPLIANT, TESTING AS PER RELEVANT STANDARD",SAP_GAIL
BPCL-1038,SPIRAL WOUND GASKET WITH INNER & OUTER RING 4 IN RATING 600 LB SS 304 WINDINGS,NOS,"ASME B16.20 SPEC COMPLIANT, TESTING AS PER RELEVANT STANDARD",SAP_BPCL
HPCL-1039,CENTRIFUGAL PUMP DN 100 X DN 80 40 BAR DUCTILE IRON DI SINGLE STAGE END SUCTION,PC,"ISO 2858 SPEC COMPLIANT, TESTING AS PER RELEVANT STANDARD",SAP_HPCL
ONGC-1040,"GATE VALVE 6"" 300# ASTM A216 WCB RISING STEM",NOS,"API 600 SPEC COMPLIANT, TESTING AS PER RELEVANT STANDARD",SAP_ONGC
IOCL-1041,"HORIZONTAL SPLIT CASE CENTRIFUGAL PUMP, DN 80 X DN 50, 16 BAR, STAINLESS STEEL 316",NOS,"API 610 SPEC COMPLIANT, TESTING AS PER RELEVANT STANDARD",SAP_IOCL
GAIL-1042,"1"" BLIND FLANGE ASTM A350 LF2 300# ASME B16.5",EACH,"ASME B16.5 SPEC COMPLIANT, TESTING AS PER RELEVANT STANDARD",SAP_GAIL
BPCL-1043,GATE VALVE 3 INCH 150 LB ASTM A350 LF2 FLEXIBLE WEDGE,EACH,"API 600 SPEC COMPLIANT, TESTING AS PER RELEVANT STANDARD",SAP_BPCL
HPCL-1044,SPIRAL WOUND GASKET PTFE FILLER 3 INCH RATING 900# SS 304 WINDINGS,NOS,"ASME B16.20 SPEC COMPLIANT, TESTING AS PER RELEVANT STANDARD",SAP_HPCL
ONGC-1045,"WELD NECK FLANGE 6"" 1500# ASTM A182 F304L RAISED FACE",NOS,"ASME B16.5 SPEC COMPLIANT, TESTING AS PER RELEVANT STANDARD",SAP_ONGC
IOCL-1046,"WITH 2 HEAVY HEX NUTS STUD BOLT, 7/8"" X 5.5"", CLASS 2A/2B, ASTM A193 GRADE B7 WITH A194 2H",EA,"ASME B18.2.2 SPEC COMPLIANT, TESTING AS PER RELEVANT STANDARD",SAP_IOCL
GAIL-1047,"BALL VALVE 1/2"" 1500# SS 304 FULL BORE",NUMBER,"ASME B16.34 SPEC COMPLIANT, TESTING AS PER RELEVANT STANDARD",SAP_GAIL
BPCL-1048,"SPIRAL WOUND GASKET WITH INNER & OUTER RING 4"" RATING 150# SS 304 WINDINGS",NUMBER,"ASME B16.20 SPEC COMPLIANT, TESTING AS PER RELEVANT STANDARD",SAP_BPCL
HPCL-1049,"SEAMLESS PIPE 6"" SCH 80 API 5L GRADE B SCH 40",METER,"API 5L SPEC COMPLIANT, TESTING AS PER RELEVANT STANDARD",SAP_HPCL
ONGC-1050,"BALL VALVE FULL BORE 1/2"" RATING 1500# SS 304",NUMBER,"ASME B16.34 SPEC COMPLIANT, TESTING AS PER RELEVANT STANDARD",SAP_ONGC
IOCL-1051,"SEAMLESS PIPE THREADED 10"" RATING SCH 80 ASTM A312 TP316L",MTR,"ASTM A53 SPEC COMPLIANT, TESTING AS PER RELEVANT STANDARD",SAP_IOCL
GAIL-1052,WELD NECK FLANGE 4 IN 600# ASTM A182 F316L RAISED FACE,NUMBER,"ASME B16.47 SPEC COMPLIANT, TESTING AS PER RELEVANT STANDARD",SAP_GAIL
BPCL-1053,"WELD NECK FLANGE 3"" 600# ASTM A182 F304L RING TYPE JOINT",EA,"DIN 2633 SPEC COMPLIANT, TESTING AS PER RELEVANT STANDARD",SAP_BPCL
HPCL-1054,"SPIRAL WOUND GASKET 4"" 600LBS SS 304 WINDINGS WITH INNER & OUTER RING",EA,"ASME B16.20 SPEC COMPLIANT, TESTING AS PER RELEVANT STANDARD",SAP_HPCL
ONGC-1055,"SCH 40 SEAMLESS PIPE, 6IN, SCH 80, API 5L GRADE B",METER,"API 5L SPEC COMPLIANT, TESTING AS PER RELEVANT STANDARD",SAP_ONGC
IOCL-1056,"SEAMLESS PIPE THREADED 10"" RATING SCH 80 ASTM A312 TP316L",MTR,"ASTM A53 SPEC COMPLIANT, TESTING AS PER RELEVANT STANDARD",SAP_IOCL
GAIL-1057,"6"" GATE VALVE ASTM A217 WC6 600# API 602",PC,"API 602 SPEC COMPLIANT, TESTING AS PER RELEVANT STANDARD",SAP_GAIL
BPCL-1058,"6"" WELD NECK FLANGE ASTM A182 F304L 1500# ASME B16.5",NOS,"ASME B16.5 SPEC COMPLIANT, TESTING AS PER RELEVANT STANDARD",SAP_BPCL
HPCL-1059,"BLIND FLANGE SMOOTH FINISH 1"" RATING 300LBS ASTM A350 LF2",EA,"ASME B16.5 SPEC COMPLIANT, TESTING AS PER RELEVANT STANDARD",SAP_HPCL
ONGC-1060,"RISING STEM GATE VALVE, DN100, 900#, ASTM A350 LF2",PC,"API 602 SPEC COMPLIANT, TESTING AS PER RELEVANT STANDARD",SAP_ONGC
IOCL-1061,"BLIND FLANGE 2"" 300# ASTM A350 LF2 RTJ FACING",EA,"ASME B16.5 SPEC COMPLIANT, TESTING AS PER RELEVANT STANDARD",SAP_IOCL
GAIL-1062,WELD NECK FLANGE FLAT FACE DN150 RATING 150 LB ASTM A182 F304L,EA,"ASME B16.5 SPEC COMPLIANT, TESTING AS PER RELEVANT STANDARD",SAP_GAIL
BPCL-1063,"MULTI STAGE CENTRIFUGAL PUMP, DN 150 X DN 100, 16 BAR, DUCTILE IRON DI",NUMBER,"ISO 2858 SPEC COMPLIANT, TESTING AS PER RELEVANT STANDARD",SAP_BPCL
HPCL-1064,"RTJ FACING BLIND FLANGE, 8"", 600#, ASTM A182 F316L",NOS,"ASME B16.5 SPEC COMPLIANT, TESTING AS PER RELEVANT STANDARD",SAP_HPCL
ONGC-1065,CENTRIFUGAL PUMP MULTI STAGE DN 150 X DN 100 RATING 40 BAR DUCTILE IRON DI,SET,"API 610 SPEC COMPLIANT, TESTING AS PER RELEVANT STANDARD",SAP_ONGC
IOCL-1066,SPIRAL WOUND GASKET PTFE FILLER 3 IN RATING 900# SS 304 WINDINGS,EA,"ASME B16.20 SPEC COMPLIANT, TESTING AS PER RELEVANT STANDARD",SAP_IOCL
GAIL-1067,"2"" BLIND FLANGE ASTM A182 F316L 150 LB ASME B16.5",NOS,"ASME B16.5 SPEC COMPLIANT, TESTING AS PER RELEVANT STANDARD",SAP_GAIL
BPCL-1068,"1"" BALL VALVE ASTM A216 WCB 900# API 6D",NUMBER,"API 6D SPEC COMPLIANT, TESTING AS PER RELEVANT STANDARD",SAP_BPCL
HPCL-1069,"SINGLE STAGE END SUCTION CENTRIFUGAL PUMP, DN 80 X DN 50, 40 BAR, CAST IRON CI",SET,"ISO 5199 SPEC COMPLIANT, TESTING AS PER RELEVANT STANDARD",SAP_HPCL
ONGC-1070,CENTRIFUGAL PUMP DN 80 X DN 50 16 BAR STAINLESS STEEL 316 HORIZONTAL SPLIT CASE,EA,"API 610 SPEC COMPLIANT, TESTING AS PER RELEVANT STANDARD",SAP_ONGC
IOCL-1071,"STUD BOLT WITH 2 HEAVY HEX NUTS 7/8"" X 5.5"" RATING CLASS 2A/2B ASTM A320 L7",SET,"ASME B18.2.1 SPEC COMPLIANT, TESTING AS PER RELEVANT STANDARD",SAP_IOCL
GAIL-1072,"WEDGE TYPE GATE VALVE, DN150, 600#, ASTM A217 WC6",PC,"API 602 SPEC COMPLIANT, TESTING AS PER RELEVANT STANDARD",SAP_GAIL
BPCL-1073,"3"" GATE VALVE ASTM A350 LF2 150# API 600",EA,"API 600 SPEC COMPLIANT, TESTING AS PER RELEVANT STANDARD",SAP_BPCL
HPCL-1074,"12"" BALL VALVE ASTM A350 LF2 600# API 6D",SET,"API 6D SPEC COMPLIANT, TESTING AS PER RELEVANT STANDARD",SAP_HPCL
ONGC-1075,"WITH 2 HEAVY HEX NUTS STUD BOLT, 3/4"" X 4.5"", CLASS 2A/2B, ASTM A320 L7",EA,"ASME B18.2.1 SPEC COMPLIANT, TESTING AS PER RELEVANT STANDARD",SAP_ONGC
IOCL-1076,CENTRIFUGAL PUMP MULTI STAGE DN 80 X DN 50 RATING 25 BAR SST 316,NOS,"ISO 2858 SPEC COMPLIANT, TESTING AS PER RELEVANT STANDARD",SAP_IOCL
GAIL-1077,BLIND FLANGE 2 IN 300# ASTM A350 LF2 RTJ FACING,EACH,"ASME B16.5 SPEC COMPLIANT, TESTING AS PER RELEVANT STANDARD",SAP_GAIL
BPCL-1078,"STUD BOLT 3/4"" X 4.5"" CLASS 2A/2B ASTM A320 L7 WITH 2 HEAVY HEX NUTS",NOS,"ASME B18.2.1 SPEC COMPLIANT, TESTING AS PER RELEVANT STANDARD",SAP_BPCL
HPCL-1079,CENTRIFUGAL PUMP SINGLE STAGE END SUCTION DN 100 X DN 80 RATING 40 BAR DUCTILE IRON DI,NOS,"ISO 2858 SPEC COMPLIANT, TESTING AS PER RELEVANT STANDARD",SAP_HPCL
ONGC-1080,"7/8"" X 5.5"" STUD BOLT ASTM A320 L7 CLASS 2A/2B ASME B18.2.1",SET,"ASME B18.2.1 SPEC COMPLIANT, TESTING AS PER RELEVANT STANDARD",SAP_ONGC
IOCL-1081,"2-PIECE BALL VALVE, 12"", CL 600, ASTM A350 LF2",SET,"API 6D SPEC COMPLIANT, TESTING AS PER RELEVANT STANDARD",SAP_IOCL
GAIL-1082,"BALL VALVE 10"" 600# ASTM A350 LF2 FLOATING",NOS,"BS 5351 SPEC COMPLIANT, TESTING AS PER RELEVANT STANDARD",SAP_GAIL
BPCL-1083,WELD NECK FLANGE 4 IN 600# ASTM A182 F316L RAISED FACE,NUMBER,"ASME B16.47 SPEC COMPLIANT, TESTING AS PER RELEVANT STANDARD",SAP_BPCL
HPCL-1084,"BALL VALVE FLOATING 10"" RATING 600# ASTM A350 LF2",EACH,"BS 5351 SPEC COMPLIANT, TESTING AS PER RELEVANT STANDARD",SAP_HPCL
ONGC-1085,"STUD BOLT WITH 2 HEAVY HEX NUTS 7/8"" X 5.5"" RATING CLASS 2A/2B ASTM A193 GRADE B7 WITH A194 2H",EA,"ASME B18.2.2 SPEC COMPLIANT, TESTING AS PER RELEVANT STANDARD",SAP_ONGC
IOCL-1086,"BLIND FLANGE 8"" 150# ASTM A182 F316L RTJ FACING",EA,"ASME B16.5 SPEC COMPLIANT, TESTING AS PER RELEVANT STANDARD",SAP_IOCL
GAIL-1087,"GATE VALVE FLEXIBLE WEDGE 3"" RATING 150# ASTM A350 LF2",EA,"API 600 SPEC COMPLIANT, TESTING AS PER RELEVANT STANDARD",SAP_GAIL
BPCL-1088,BLIND FLANGE SMOOTH FINISH 3 INCH RATING 300# ASTM A105,EA,"ASME B16.5 SPEC COMPLIANT, TESTING AS PER RELEVANT STANDARD",SAP_BPCL
HPCL-1089,"SMOOTH FINISH BLIND FLANGE, 8"", CL 600, ASTM A182 F316L",NOS,"ASME B16.5 SPEC COMPLIANT, TESTING AS PER RELEVANT STANDARD",SAP_HPCL
ONGC-1090,"1/2"" BALL VALVE SS 304 1500# ASME B16.34",NUMBER,"ASME B16.34 SPEC COMPLIANT, TESTING AS PER RELEVANT STANDARD",SAP_ONGC
IOCL-1091,CENTRIFUGAL PUMP DN 80 X DN 50 16 BAR S.S. 316 HORIZONTAL SPLIT CASE,NOS,"API 610 SPEC COMPLIANT, TESTING AS PER RELEVANT STANDARD",SAP_IOCL
GAIL-1092,"FLOATING BALL VALVE, 8"", 1500#, SS 316",NOS,"ASME B16.34 SPEC COMPLIANT, TESTING AS PER RELEVANT STANDARD",SAP_GAIL
BPCL-1093,"SEAMLESS PIPE 10"" SCH 80 ASTM A312 TP316L THREADED",MTR,"ASTM A53 SPEC COMPLIANT, TESTING AS PER RELEVANT STANDARD",SAP_BPCL
HPCL-1094,"RAISED FACE BLIND FLANGE, 8"", CL 600, ASTM A350 LF2",EA,"ASME B16.5 SPEC COMPLIANT, TESTING AS PER RELEVANT STANDARD",SAP_HPCL
ONGC-1095,"BLIND FLANGE 8"" 600# ASTM A182 F316L RTJ FACING",NOS,"ASME B16.5 SPEC COMPLIANT, TESTING AS PER RELEVANT STANDARD",SAP_ONGC
IOCL-1096,CENTRIFUGAL PUMP MULTI STAGE DN 80 X DN 50 RATING 25 BAR STAINLESS STEEL 316,NOS,"ISO 2858 SPEC COMPLIANT, TESTING AS PER RELEVANT STANDARD",SAP_IOCL
GAIL-1097,"BLIND FLANGE RAISED FACE 2"" RATING 300# ASTM A350 LF2",EA,"ASME B16.5 SPEC COMPLIANT, TESTING AS PER RELEVANT STANDARD",SAP_GAIL
BPCL-1098,"SPIRAL WOUND GASKET 3"" 900# SS 304 WINDINGS PTFE FILLER",NOS,"ASME B16.20 SPEC COMPLIANT, TESTING AS PER RELEVANT STANDARD",SAP_BPCL
HPCL-1099,"ZINC PLATED STUD BOLT, 5/8"" X 3.5"", CLASS 2A/2B, ASTM A193 GRADE B7 WITH A194 2H",NUMBER,"ASME B18.2.2 SPEC COMPLIANT, TESTING AS PER RELEVANT STANDARD",SAP_HPCL
ONGC-1100,"BALL VALVE FULL BORE 10"" RATING 600# ASTM A216 WCB",SET,"ASME B16.34 SPEC COMPLIANT, TESTING AS PER RELEVANT STANDARD",SAP_ONGC
IOCL-1101,"BALL VALVE 3-PIECE 1-1/2"" RATING 1500# SS 316",SET,"API 6D SPEC COMPLIANT, TESTING AS PER RELEVANT STANDARD",SAP_IOCL
GAIL-1102,GATE VALVE 3 IN 150# ASTM A350 LF2 FLEXIBLE WEDGE,EA,"API 600 SPEC COMPLIANT, TESTING AS PER RELEVANT STANDARD",SAP_GAIL
BPCL-1103,"2-PIECE BALL VALVE, 2"", 150 LB, SS 304",SET,"API 608 SPEC COMPLIANT, TESTING AS PER RELEVANT STANDARD",SAP_BPCL
HPCL-1104,SPIRAL WOUND GASKET WITH CENTERING RING DN50 RATING CLASS 600 SS 304 WINDINGS,PC,"ASME B16.20 SPEC COMPLIANT, TESTING AS PER RELEVANT STANDARD",SAP_HPCL
ONGC-1105,"SPIRAL WOUND GASKET 3"" 900# SS 304 WINDINGS PTFE FILLER",EA,"ASME B16.20 SPEC COMPLIANT, TESTING AS PER RELEVANT STANDARD",SAP_ONGC
IOCL-1106,"STUD BOLT WITH 2 HEAVY HEX NUTS 7/8"" X 5.5"" RATING CLASS 2A/2B ASTM A193 GRADE B7 WITH A194 2H",EA,"ASME B18.2.2 SPEC COMPLIANT, TESTING AS PER RELEVANT STANDARD",SAP_IOCL
GAIL-1107,"RISING STEM GATE VALVE, 3 INCH, 900#, SS 316L",PC,"API 602 SPEC COMPLIANT, TESTING AS PER RELEVANT STANDARD",SAP_GAIL
BPCL-1108,CENTRIFUGAL PUMP MULTI STAGE DN 80 X DN 50 RATING 25 BAR SS 316,NOS,"ISO 5199 SPEC COMPLIANT, TESTING AS PER RELEVANT STANDARD",SAP_BPCL
HPCL-1109,"MULTI STAGE CENTRIFUGAL PUMP, DN 150 X DN 100, 40 BAR, DUCTILE IRON DI",SET,"API 610 SPEC COMPLIANT, TESTING AS PER RELEVANT STANDARD",SAP_HPCL
ONGC-1110,"SINGLE STAGE END SUCTION CENTRIFUGAL PUMP, DN 100 X DN 80, 40 BAR, DUCTILE IRON DI",NOS,"ISO 2858 SPEC COMPLIANT, TESTING AS PER RELEVANT STANDARD",SAP_ONGC
IOCL-1111,4 IN WELD NECK FLANGE ASTM A182 F316L 600# ASME B16.47,NUMBER,"ASME B16.47 SPEC COMPLIANT, TESTING AS PER RELEVANT STANDARD",SAP_IOCL
GAIL-1112,"CADMIUM PLATED STUD BOLT, 5/8"" X 3.5"", CLASS 2A/2B, ASTM A193 GRADE B7 WITH A194 2H",SET,"ASME B18.2.2 SPEC COMPLIANT, TESTING AS PER RELEVANT STANDARD",SAP_GAIL
BPCL-1113,"SEAMLESS PIPE 6"" SCH 80 API 5L GRADE B SCH 40",METER,"API 5L SPEC COMPLIANT, TESTING AS PER RELEVANT STANDARD",SAP_BPCL
HPCL-1114,"WELD NECK FLANGE 3"" 600# ASTM A182 F304L RING TYPE JOINT",NOS,"DIN 2633 SPEC COMPLIANT, TESTING AS PER RELEVANT STANDARD",SAP_HPCL
ONGC-1115,"1"" X 6.5"" STUD BOLT ASTM A320 L7 CLASS 2A/2B ASME B18.2.1",NOS,"ASME B18.2.1 SPEC COMPLIANT, TESTING AS PER RELEVANT STANDARD",SAP_ONGC
IOCL-1116,SPIRAL WOUND GASKET 4 INCH 300# SS 304 WINDINGS PTFE FILLER,NOS,"ASME B16.20 SPEC COMPLIANT, TESTING AS PER RELEVANT STANDARD",SAP_IOCL
GAIL-1117,"SEAMLESS PIPE THREADED 10"" RATING SCH 80 ASTM A312 TP316L",MTR,"ASTM A53 SPEC COMPLIANT, TESTING AS PER RELEVANT STANDARD",SAP_GAIL
BPCL-1118,"BLIND FLANGE SMOOTH FINISH 3"" RATING 300# ASTM A105",EA,"ASME B16.5 SPEC COMPLIANT, TESTING AS PER RELEVANT STANDARD",SAP_BPCL
HPCL-1119,"BALL VALVE 3-PIECE 1-1/2"" RATING 1500# SS 316",SET,"API 6D SPEC COMPLIANT, TESTING AS PER RELEVANT STANDARD",SAP_HPCL
ONGC-1120,"WITH 2 HEAVY HEX NUTS STUD BOLT, 3/4"" X 4.5"", CLASS 2A/2B, ASTM A320 L7",EA,"ASME B18.2.1 SPEC COMPLIANT, TESTING AS PER RELEVANT STANDARD",SAP_ONGC
IOCL-1121,"12"" BALL VALVE ASTM A350 LF2 600LBS API 6D",SET,"API 6D SPEC COMPLIANT, TESTING AS PER RELEVANT STANDARD",SAP_IOCL
GAIL-1122,"RAISED FACE WELD NECK FLANGE, 12"", 600#, ASTM A105",PC,"DIN 2633 SPEC COMPLIANT, TESTING AS PER RELEVANT STANDARD",SAP_GAIL
BPCL-1123,CENTRIFUGAL PUMP DN 80 X DN 50 25 BAR STAINLESS STEEL 316 MULTI STAGE,NOS,"ISO 5199 SPEC COMPLIANT, TESTING AS PER RELEVANT STANDARD",SAP_BPCL
HPCL-1124,3 INCH SPIRAL WOUND GASKET SS 304 WINDINGS 900# ASME B16.20,NOS,"ASME B16.20 SPEC COMPLIANT, TESTING AS PER RELEVANT STANDARD",SAP_HPCL
ONGC-1125,"10"" BLIND FLANGE ASTM A105 CL 300 ASME B16.5",EA,"ASME B16.5 SPEC COMPLIANT, TESTING AS PER RELEVANT STANDARD",SAP_ONGC
IOCL-1126,"8"" SPIRAL WOUND GASKET SS 316L WINDINGS WITH CS OUTER RING 900# ASME B16.20",PCS,"ASME B16.20 SPEC COMPLIANT, TESTING AS PER RELEVANT STANDARD",SAP_IOCL
GAIL-1127,"WEDGE TYPE GATE VALVE, 6 INCH, CLASS 600, ASTM A217 WC6",PC,"API 602 SPEC COMPLIANT, TESTING AS PER RELEVANT STANDARD",SAP_GAIL
BPCL-1128,"FULL BORE BALL VALVE, 10"", 600#, ASTM A216 WCB",SET,"ASME B16.34 SPEC COMPLIANT, TESTING AS PER RELEVANT STANDARD",SAP_BPCL
HPCL-1129,"WELD NECK FLANGE 10"" 1500# ASTM A182 F316L RAISED FACE",NUMBER,"ASME B16.5 SPEC COMPLIANT, TESTING AS PER RELEVANT STANDARD",SAP_HPCL
ONGC-1130,CENTRIFUGAL PUMP DN 150 X DN 100 40 BAR DUCTILE IRON DI MULTI STAGE,SET,"API 610 SPEC COMPLIANT, TESTING AS PER RELEVANT STANDARD",SAP_ONGC
IOCL-1131,"RAISED FACE BLIND FLANGE, 2"", 300#, ASTM A350 LF2",NUMBER,"ASME B16.5 SPEC COMPLIANT, TESTING AS PER RELEVANT STANDARD",SAP_IOCL
GAIL-1132,"8"" BLIND FLANGE ASTM A350 LF2 150 LB ASME B16.5",NOS,"ASME B16.5 SPEC COMPLIANT, TESTING AS PER RELEVANT STANDARD",SAP_GAIL
BPCL-1133,CENTRIFUGAL PUMP SINGLE STAGE END SUCTION DN 150 X DN 100 RATING 16 BAR DUCTILE IRON DI,EA,"API 610 SPEC COMPLIANT, TESTING AS PER RELEVANT STANDARD",SAP_BPCL
HPCL-1134,"SEAMLESS PIPE 6"" SCH 40 API 5L GRADE B THREADED",M,"API 5L SPEC COMPLIANT, TESTING AS PER RELEVANT STANDARD",SAP_HPCL
ONGC-1135,"BALL VALVE 6"" 150# DUPLEX 2205 FLOATING",NUMBER,"API 6D SPEC COMPLIANT, TESTING AS PER RELEVANT STANDARD",SAP_ONGC
IOCL-1136,"8"" BLIND FLANGE ASTM A182 F316L 600LBS ASME B16.5",NUMBER,"ASME B16.5 SPEC COMPLIANT, TESTING AS PER RELEVANT STANDARD",SAP_IOCL
GAIL-1137,"BLIND FLANGE 8"" 150# ASTM A350 LF2 SMOOTH FINISH",NOS,"ASME B16.5 SPEC COMPLIANT, TESTING AS PER RELEVANT STANDARD",SAP_GAIL
BPCL-1138,"RTJ FACING BLIND FLANGE, 8"", 600LBS, ASTM A182 F316L",NOS,"ASME B16.5 SPEC COMPLIANT, TESTING AS PER RELEVANT STANDARD",SAP_BPCL
HPCL-1139,CENTRIFUGAL PUMP DN 80 X DN 50 40 BAR DUCTILE IRON DI MULTI STAGE,NOS,"ISO 2858 SPEC COMPLIANT, TESTING AS PER RELEVANT STANDARD",SAP_HPCL
ONGC-1140,"BLIND FLANGE RAISED FACE 8"" RATING 600# ASTM A350 LF2",NOS,"ASME B16.5 SPEC COMPLIANT, TESTING AS PER RELEVANT STANDARD",SAP_ONGC
IOCL-1141,"RTJ FACING BLIND FLANGE, 8"", 150#, ASTM A182 F316L",EA,"ASME B16.5 SPEC COMPLIANT, TESTING AS PER RELEVANT STANDARD",SAP_IOCL
GAIL-1142,"BLIND FLANGE 4"" 150# ASTM A182 F316L RAISED FACE",NOS,"ASME B16.5 SPEC COMPLIANT, TESTING AS PER RELEVANT STANDARD",SAP_GAIL
BPCL-1143,"3"" GATE VALVE SS 316L 900# API 602",EA,"API 602 SPEC COMPLIANT, TESTING AS PER RELEVANT STANDARD",SAP_BPCL
HPCL-1144,"WELD NECK FLANGE 8"" 150# ASTM A182 F316L FLAT FACE",NOS,"ASME B16.5 SPEC COMPLIANT, TESTING AS PER RELEVANT STANDARD",SAP_HPCL
ONGC-1145,"RAISED FACE WELD NECK FLANGE, 12"", 600LBS, ASTM A105",EA,"DIN 2633 SPEC COMPLIANT, TESTING AS PER RELEVANT STANDARD",SAP_ONGC
IOCL-1146,"10"" SEAMLESS PIPE ASTM A312 TP316L SCH 80 ASTM A53",MTR,"ASTM A53 SPEC COMPLIANT, TESTING AS PER RELEVANT STANDARD",SAP_IOCL
GAIL-1147,"3"" BALL VALVE ASTM A216 WCB 300LBS API 608",NOS,"API 608 SPEC COMPLIANT, TESTING AS PER RELEVANT STANDARD",SAP_GAIL
BPCL-1148,"2"" BALL VALVE SS 304 150# API 608",SET,"API 608 SPEC COMPLIANT, TESTING AS PER RELEVANT STANDARD",SAP_BPCL
HPCL-1149,"RAISED FACE WELD NECK FLANGE, 10"", 1500#, ASTM A182 F316L",NUMBER,"ASME B16.5 SPEC COMPLIANT, TESTING AS PER RELEVANT STANDARD",SAP_HPCL
ONGC-1150,CENTRIFUGAL PUMP DN 100 X DN 80 40 BAR DUCTILE IRON DI HORIZONTAL SPLIT CASE,NOS,"ISO 2858 SPEC COMPLIANT, TESTING AS PER RELEVANT STANDARD",SAP_ONGC
IOCL-1151,"PTFE FILLER SPIRAL WOUND GASKET, 3"", 900#, SS 304 WINDINGS",NOS,"ASME B16.20 SPEC COMPLIANT, TESTING AS PER RELEVANT STANDARD",SAP_IOCL
GAIL-1152,"CADMIUM PLATED STUD BOLT, 5/8"" X 3.5"", CLASS 2A/2B, ASTM A193 GRADE B7 WITH A194 2H",SET,"ASME B18.2.2 SPEC COMPLIANT, TESTING AS PER RELEVANT STANDARD",SAP_GAIL
BPCL-1153,"2"" WELD NECK FLANGE ASTM A350 LF2 600# ASME B16.5",NUMBER,"ASME B16.5 SPEC COMPLIANT, TESTING AS PER RELEVANT STANDARD",SAP_BPCL
HPCL-1154,"8"" BLIND FLANGE ASTM A350 LF2 300# ASME B16.5",PC,"ASME B16.5 SPEC COMPLIANT, TESTING AS PER RELEVANT STANDARD",SAP_HPCL
ONGC-1155,"3/4"" X 4.5"" STUD BOLT ASTM A193 B8M WITH A194 8M CLASS 2A/2B ASME B18.2.2",NOS,"ASME B18.2.2 SPEC COMPLIANT, TESTING AS PER RELEVANT STANDARD",SAP_ONGC
IOCL-1156,"RAISED FACE WELD NECK FLANGE, 6"", 1500#, ASTM A182 F304L",NOS,"ASME B16.5 SPEC COMPLIANT, TESTING AS PER RELEVANT STANDARD",SAP_IOCL
GAIL-1157,"BALL VALVE 2-PIECE 2"" RATING 150 LB SS 304",SET,"API 608 SPEC COMPLIANT, TESTING AS PER RELEVANT STANDARD",SAP_GAIL
BPCL-1158,"GATE VALVE 3"" 150# ASTM A350 LF2 FLEXIBLE WEDGE",NOS,"API 600 SPEC COMPLIANT, TESTING AS PER RELEVANT STANDARD",SAP_BPCL
HPCL-1159,"FLOATING BALL VALVE, 1"", 900#, ASTM A216 WCB",NUMBER,"API 6D SPEC COMPLIANT, TESTING AS PER RELEVANT STANDARD",SAP_HPCL
ONGC-1160,"FULLY THREADED STUD BOLT, 1"" X 6.5"", CLASS 2A/2B, ASTM A320 L7",NOS,"ASME B18.2.1 SPEC COMPLIANT, TESTING AS PER RELEVANT STANDARD",SAP_ONGC
IOCL-1161,"1"" X 6.5"" STUD BOLT ASTM A320 L7 CLASS 2A/2B ASME B18.2.1",NOS,"ASME B18.2.1 SPEC COMPLIANT, TESTING AS PER RELEVANT STANDARD",SAP_IOCL
GAIL-1162,"WELD NECK FLANGE 3"" 600# ASTM A182 F304L RING TYPE JOINT",EACH,"DIN 2633 SPEC COMPLIANT, TESTING AS PER RELEVANT STANDARD",SAP_GAIL
BPCL-1163,"STUD BOLT 5/8"" X 3.5"" CLASS 2A/2B ASTM A193 GRADE B7 WITH A194 2H CADMIUM PLATED",SET,"ASME B18.2.2 SPEC COMPLIANT, TESTING AS PER RELEVANT STANDARD",SAP_BPCL
HPCL-1164,"BLIND FLANGE SMOOTH FINISH 8"" RATING 150# ASTM A350 LF2",NOS,"ASME B16.5 SPEC COMPLIANT, TESTING AS PER RELEVANT STANDARD",SAP_HPCL
ONGC-1165,WELD NECK FLANGE RING TYPE JOINT 2 INCH RATING 600# ASTM A350 LF2,NUMBER,"ASME B16.5 SPEC COMPLIANT, TESTING AS PER RELEVANT STANDARD",SAP_ONGC
IOCL-1166,"BLIND FLANGE RAISED FACE 8"" RATING CL 600 ASTM A350 LF2",NOS,"ASME B16.5 SPEC COMPLIANT, TESTING AS PER RELEVANT STANDARD",SAP_IOCL
GAIL-1167,WELD NECK FLANGE FLAT FACE 6IN RATING 150# ASTM A182 F304L,EA,"ASME B16.5 SPEC COMPLIANT, TESTING AS PER RELEVANT STANDARD",SAP_GAIL
BPCL-1168,BALL VALVE FLOATING DN150 RATING 150# DUPLEX 2205,NUMBER,"API 6D SPEC COMPLIANT, TESTING AS PER RELEVANT STANDARD",SAP_BPCL
HPCL-1169,"SINGLE STAGE END SUCTION CENTRIFUGAL PUMP, DN 150 X DN 100, 16 BAR, DUCTILE IRON DI",EA,"API 610 SPEC COMPLIANT, TESTING AS PER RELEVANT STANDARD",SAP_HPCL
ONGC-1170,"FLOATING BALL VALVE, 1"", 900#, ASTM A216 WCB",NUMBER,"API 6D SPEC COMPLIANT, TESTING AS PER RELEVANT STANDARD",SAP_ONGC
IOCL-1171,DN 80 X DN 50 CENTRIFUGAL PUMP DUCTILE IRON DI 40 BAR ISO 2858,NOS,"ISO 2858 SPEC COMPLIANT, TESTING AS PER RELEVANT STANDARD",SAP_IOCL
GAIL-1172,CENTRIFUGAL PUMP HORIZONTAL SPLIT CASE DN 80 X DN 50 RATING 16 BAR STAINLESS STEEL 316,NOS,"API 610 SPEC COMPLIANT, TESTING AS PER RELEVANT STANDARD",SAP_GAIL
BPCL-1173,DN100 WELD NECK FLANGE ASTM A182 F316L 600# ASME B16.47,NUMBER,"ASME B16.47 SPEC COMPLIANT, TESTING AS PER RELEVANT STANDARD",SAP_BPCL
HPCL-1174,CENTRIFUGAL PUMP DN 80 X DN 50 40 BAR DUCTILE IRON DI MULTI STAGE,NOS,"ISO 2858 SPEC COMPLIANT, TESTING AS PER RELEVANT STANDARD",SAP_HPCL
ONGC-1175,"RAISED FACE WELD NECK FLANGE, 4"", 600#, ASTM A182 F316L",NUMBER,"ASME B16.47 SPEC COMPLIANT, TESTING AS PER RELEVANT STANDARD",SAP_ONGC
IOCL-1176,"1/2"" BALL VALVE SS 316 900# API 608",NUMBER,"API 608 SPEC COMPLIANT, TESTING AS PER RELEVANT STANDARD",SAP_IOCL
GAIL-1177,CENTRIFUGAL PUMP SINGLE STAGE END SUCTION DN 80 X DN 50 RATING 40 BAR CAST IRON CI,SET,"ISO 5199 SPEC COMPLIANT, TESTING AS PER RELEVANT STANDARD",SAP_GAIL
BPCL-1178,"WITH 2 HEAVY HEX NUTS STUD BOLT, 7/8"" X 5.5"", CLASS 2A/2B, ASTM A193 B8M WITH A194 8M",NUMBER,"ASME B18.2.2 SPEC COMPLIANT, TESTING AS PER RELEVANT STANDARD",SAP_BPCL
HPCL-1179,"BALL VALVE 10"" 600LBS ASTM A216 WCB FULL BORE",SET,"ASME B16.34 SPEC COMPLIANT, TESTING AS PER RELEVANT STANDARD",SAP_HPCL
ONGC-1180,"1/2"" BALL VALVE ASTM A350 LF2 600# API 6D",PC,"API 6D SPEC COMPLIANT, TESTING AS PER RELEVANT STANDARD",SAP_ONGC
IOCL-1181,"MULTI STAGE CENTRIFUGAL PUMP, DN 150 X DN 100, 16 BAR, DUCTILE IRON DI",EA,"ISO 2858 SPEC COMPLIANT, TESTING AS PER RELEVANT STANDARD",SAP_IOCL
GAIL-1182,GATE VALVE FLEXIBLE WEDGE 2 INCH RATING 1500# ASTM A216 WCB,EA,"API 600 SPEC COMPLIANT, TESTING AS PER RELEVANT STANDARD",SAP_GAIL
BPCL-1183,"BALL VALVE 3-PIECE 2"" RATING 1500# SS 316",NUMBER,"BS 5351 SPEC COMPLIANT, TESTING AS PER RELEVANT STANDARD",SAP_BPCL
HPCL-1184,"7/8"" X 5.5"" STUD BOLT ASTM A320 L7 CLASS 2A/2B ASME B18.2.1",SET,"ASME B18.2.1 SPEC COMPLIANT, TESTING AS PER RELEVANT STANDARD",SAP_HPCL
ONGC-1185,"6"" SEAMLESS PIPE API 5L GRADE B SCH 40 API 5L",MTR,"API 5L SPEC COMPLIANT, TESTING AS PER RELEVANT STANDARD",SAP_ONGC
IOCL-1186,"7/8"" X 5.5"" STUD BOLT ASTM A193 GRADE B7 WITH A194 2H CLASS 2A/2B ASME B18.2.2",EA,"ASME B18.2.2 SPEC COMPLIANT, TESTING AS PER RELEVANT STANDARD",SAP_IOCL
GAIL-1187,"SPIRAL WOUND GASKET 3"" 900# SS 304 WINDINGS PTFE FILLER",NOS,"ASME B16.20 SPEC COMPLIANT, TESTING AS PER RELEVANT STANDARD",SAP_GAIL
BPCL-1188,"STUD BOLT 1"" X 6.5"" CLASS 2A/2B ASTM A320 L7 FULLY THREADED",NOS,"ASME B18.2.1 SPEC COMPLIANT, TESTING AS PER RELEVANT STANDARD",SAP_BPCL
HPCL-1189,"BLIND FLANGE 8"" CLASS 600 ASTM A182 F316L RTJ FACING",NOS,"ASME B16.5 SPEC COMPLIANT, TESTING AS PER RELEVANT STANDARD",SAP_HPCL
ONGC-1190,"8"" SPIRAL WOUND GASKET SS 316L WINDINGS WITH CS OUTER RING 900# ASME B16.20",PCS,"ASME B16.20 SPEC COMPLIANT, TESTING AS PER RELEVANT STANDARD",SAP_ONGC
IOCL-1191,"SPIRAL WOUND GASKET PTFE FILLER 3"" RATING 900# SS 304 WINDINGS",NOS,"ASME B16.20 SPEC COMPLIANT, TESTING AS PER RELEVANT STANDARD",SAP_IOCL
GAIL-1192,"BLIND FLANGE SMOOTH FINISH 8"" RATING 600# ASTM A182 F316L",NOS,"ASME B16.5 SPEC COMPLIANT, TESTING AS PER RELEVANT STANDARD",SAP_GAIL
BPCL-1193,DN 150 X DN 100 CENTRIFUGAL PUMP DUCTILE IRON DI 16 BAR ISO 2858,EA,"ISO 2858 SPEC COMPLIANT, TESTING AS PER RELEVANT STANDARD",SAP_BPCL
HPCL-1194,"RTJ FACING BLIND FLANGE, 10"", 300#, ASTM A350 LF2",NOS,"ASME B16.5 SPEC COMPLIANT, TESTING AS PER RELEVANT STANDARD",SAP_HPCL
ONGC-1195,"STUD BOLT 3/4"" X 4.5"" CLASS 2A/2B ASTM A320 L7 WITH 2 HEAVY HEX NUTS",EA,"ASME B18.2.1 SPEC COMPLIANT, TESTING AS PER RELEVANT STANDARD",SAP_ONGC
IOCL-1196,"FLEXIBLE WEDGE GATE VALVE, 6"", 600#, SS 316L",NUMBER,"API 600 SPEC COMPLIANT, TESTING AS PER RELEVANT STANDARD",SAP_IOCL
GAIL-1197,CENTRIFUGAL PUMP DN 50 X DN 32 16 BAR STAINLESS STEEL 316 HORIZONTAL SPLIT CASE,SET,"API 610 SPEC COMPLIANT, TESTING AS PER RELEVANT STANDARD",SAP_GAIL
BPCL-1198,"BALL VALVE 10"" 900# DUPLEX 2205 TRUNNION MOUNTED",NOS,"BS 5351 SPEC COMPLIANT, TESTING AS PER RELEVANT STANDARD",SAP_BPCL
HPCL-1199,"BLIND FLANGE 10"" CLASS 300 ASTM A105 SMOOTH FINISH",EACH,"ASME B16.5 SPEC COMPLIANT, TESTING AS PER RELEVANT STANDARD",SAP_HPCL
ONGC-1200,DN50 BLIND FLANGE ASTM A350 LF2 300# ASME B16.5,EA,"ASME B16.5 SPEC COMPLIANT, TESTING AS PER RELEVANT STANDARD",SAP_ONGC
IOCL-1201,"2-PIECE BALL VALVE, 2"", 150#, SS 304",SET,"API 608 SPEC COMPLIANT, TESTING AS PER RELEVANT STANDARD",SAP_IOCL
GAIL-1202,"HORIZONTAL SPLIT CASE CENTRIFUGAL PUMP, DN 100 X DN 80, 40 BAR, DUCTILE IRON DI",PC,"ISO 2858 SPEC COMPLIANT, TESTING AS PER RELEVANT STANDARD",SAP_GAIL
BPCL-1203,"GATE VALVE 2"" 300 LB ASTM A350 LF2 BOLTED BONNET",PC,"ASME B16.34 SPEC COMPLIANT, TESTING AS PER RELEVANT STANDARD",SAP_BPCL
HPCL-1204,"STUD BOLT 7/8"" X 5.5"" CLASS 2A/2B ASTM A320 L7 WITH 2 HEAVY HEX NUTS",SET,"ASME B18.2.1 SPEC COMPLIANT, TESTING AS PER RELEVANT STANDARD",SAP_HPCL
ONGC-1205,"BALL VALVE 1-1/2"" 1500# SS 316 3-PIECE",SET,"API 6D SPEC COMPLIANT, TESTING AS PER RELEVANT STANDARD",SAP_ONGC
IOCL-1206,"BALL VALVE 2-PIECE 2"" RATING 150 LB SS 304",SET,"API 608 SPEC COMPLIANT, TESTING AS PER RELEVANT STANDARD",SAP_IOCL
GAIL-1207,DN 150 X DN 100 CENTRIFUGAL PUMP DUCTILE IRON DI 16 BAR API 610,EA,"API 610 SPEC COMPLIANT, TESTING AS PER RELEVANT STANDARD",SAP_GAIL
BPCL-1208,"2-PIECE BALL VALVE, 2"", 150#, SS 304",SET,"API 608 SPEC COMPLIANT, TESTING AS PER RELEVANT STANDARD",SAP_BPCL
HPCL-1209,"SMOOTH FINISH BLIND FLANGE, 3"", 300LBS, ASTM A105",EA,"ASME B16.5 SPEC COMPLIANT, TESTING AS PER RELEVANT STANDARD",SAP_HPCL
ONGC-1210,3 INCH GATE VALVE SS 316L 900# API 602,NUMBER,"API 602 SPEC COMPLIANT, TESTING AS PER RELEVANT STANDARD",SAP_ONGC
IOCL-1211,"RING TYPE JOINT WELD NECK FLANGE, 2"", 600#, ASTM A350 LF2",NUMBER,"ASME B16.5 SPEC COMPLIANT, TESTING AS PER RELEVANT STANDARD",SAP_IOCL
GAIL-1212,"BALL VALVE 1/2"" 600# ASTM A350 LF2 TRUNNION MOUNTED",EA,"API 6D SPEC COMPLIANT, TESTING AS PER RELEVANT STANDARD",SAP_GAIL
BPCL-1213,"BALL VALVE 3-PIECE 1-1/2"" RATING 1500# SS 316",SET,"API 6D SPEC COMPLIANT, TESTING AS PER RELEVANT STANDARD",SAP_BPCL
HPCL-1214,"WELD NECK FLANGE 3"" 600# ASTM A182 F304L RING TYPE JOINT",NOS,"DIN 2633 SPEC COMPLIANT, TESTING AS PER RELEVANT STANDARD",SAP_HPCL
ONGC-1215,"FULLY THREADED STUD BOLT, 1"" X 6.5"", CLASS 2A/2B, ASTM A320 L7",EA,"ASME B18.2.1 SPEC COMPLIANT, TESTING AS PER RELEVANT STANDARD",SAP_ONGC
IOCL-1216,"BLIND FLANGE RAISED FACE 8"" RATING 600LBS ASTM A350 LF2",EACH,"ASME B16.5 SPEC COMPLIANT, TESTING AS PER RELEVANT STANDARD",SAP_IOCL
GAIL-1217,"BALL VALVE FLOATING 8"" RATING 1500# SS 316",NOS,"ASME B16.34 SPEC COMPLIANT, TESTING AS PER RELEVANT STANDARD",SAP_GAIL
BPCL-1218,SEAMLESS PIPE THREADED 6 INCH RATING SCH 40 API 5L GRADE B,MTR,"API 5L SPEC COMPLIANT, TESTING AS PER RELEVANT STANDARD",SAP_BPCL
HPCL-1219,"BALL VALVE TRUNNION MOUNTED 1/2"" RATING 600# ASTM A350 LF2",PC,"API 6D SPEC COMPLIANT, TESTING AS PER RELEVANT STANDARD",SAP_HPCL
ONGC-1220,"STUD BOLT 5/8"" X 3.5"" CLASS 2A/2B ASTM A193 GRADE B7 WITH A194 2H ZINC PLATED",NOS,"ASME B18.2.2 SPEC COMPLIANT, TESTING AS PER RELEVANT STANDARD",SAP_ONGC
IOCL-1221,BALL VALVE 2-PIECE 2IN RATING 150 LB SS 304,SET,"API 608 SPEC COMPLIANT, TESTING AS PER RELEVANT STANDARD",SAP_IOCL
GAIL-1222,"GATE VALVE RISING STEM 3"" RATING 900# SS 316L",PC,"API 602 SPEC COMPLIANT, TESTING AS PER RELEVANT STANDARD",SAP_GAIL
BPCL-1223,BLIND FLANGE DN100 150# ASTM A182 F316L RAISED FACE,NOS,"ASME B16.5 SPEC COMPLIANT, TESTING AS PER RELEVANT STANDARD",SAP_BPCL
HPCL-1224,"FULL BORE BALL VALVE, 1/2"", 1500#, SS 304",NUMBER,"ASME B16.34 SPEC COMPLIANT, TESTING AS PER RELEVANT STANDARD",SAP_HPCL
ONGC-1225,CENTRIFUGAL PUMP MULTI STAGE DN 80 X DN 50 RATING 25 BAR BRONZE,EA,"API 610 SPEC COMPLIANT, TESTING AS PER RELEVANT STANDARD",SAP_ONGC
IOCL-1226,"WITH 2 HEAVY HEX NUTS STUD BOLT, 3/4"" X 4.5"", CLASS 2A/2B, ASTM A320 L7",EA,"ASME B18.2.1 SPEC COMPLIANT, TESTING AS PER RELEVANT STANDARD",SAP_IOCL
GAIL-1227,"SINGLE STAGE END SUCTION CENTRIFUGAL PUMP, DN 100 X DN 80, 40 BAR, DUCTILE IRON DI",NOS,"ISO 2858 SPEC COMPLIANT, TESTING AS PER RELEVANT STANDARD",SAP_GAIL
BPCL-1228,"BLIND FLANGE SMOOTH FINISH 2"" RATING 150# ASTM A182 F316L",PC,"ASME B16.5 SPEC COMPLIANT, TESTING AS PER RELEVANT STANDARD",SAP_BPCL
HPCL-1229,"6"" WELD NECK FLANGE ASTM A182 F304L 1500# ASME B16.5",NOS,"ASME B16.5 SPEC COMPLIANT, TESTING AS PER RELEVANT STANDARD",SAP_HPCL
ONGC-1230,BLIND FLANGE SMOOTH FINISH 3 INCH RATING CLASS 300 ASTM A105,PC,"ASME B16.5 SPEC COMPLIANT, TESTING AS PER RELEVANT STANDARD",SAP_ONGC
IOCL-1231,"WELD NECK FLANGE RAISED FACE 12"" RATING CL 600 ASTM A105",EA,"DIN 2633 SPEC COMPLIANT, TESTING AS PER RELEVANT STANDARD",SAP_IOCL
GAIL-1232,"TRUNNION MOUNTED BALL VALVE, 1/2"", 600#, ASTM A350 LF2",EA,"API 6D SPEC COMPLIANT, TESTING AS PER RELEVANT STANDARD",SAP_GAIL
BPCL-1233,"RTJ FACING BLIND FLANGE, 8"", 300#, ASTM A182 F316L",PC,"ASME B16.5 SPEC COMPLIANT, TESTING AS PER RELEVANT STANDARD",SAP_BPCL
HPCL-1234,CENTRIFUGAL PUMP MULTI STAGE DN 80 X DN 50 RATING 40 BAR DUCTILE IRON DI,NOS,"ISO 2858 SPEC COMPLIANT, TESTING AS PER RELEVANT STANDARD",SAP_HPCL
ONGC-1235,BALL VALVE 2 IN 150# SS 304 2-PIECE,SET,"API 608 SPEC COMPLIANT, TESTING AS PER RELEVANT STANDARD",SAP_ONGC
IOCL-1236,"BLIND FLANGE 8"" 600# ASTM A182 F316L RTJ FACING",NUMBER,"ASME B16.5 SPEC COMPLIANT, TESTING AS PER RELEVANT STANDARD",SAP_IOCL
GAIL-1237,DN 150 X DN 100 CENTRIFUGAL PUMP DUCTILE IRON DI 16 BAR ISO 2858,EA,"ISO 2858 SPEC COMPLIANT, TESTING AS PER RELEVANT STANDARD",SAP_GAIL
BPCL-1238,"WELD NECK FLANGE 6"" 150# ASTM A182 F304L FLAT FACE",NUMBER,"ASME B16.5 SPEC COMPLIANT, TESTING AS PER RELEVANT STANDARD",SAP_BPCL
HPCL-1239,"BALL VALVE 3-PIECE 1/2"" RATING 900# SS 316",NUMBER,"API 608 SPEC COMPLIANT, TESTING AS PER RELEVANT STANDARD",SAP_HPCL
ONGC-1240,"1"" X 6.5"" STUD BOLT ASTM A320 L7 CLASS 2A/2B ASME B18.2.1",NOS,"ASME B18.2.1 SPEC COMPLIANT, TESTING AS PER RELEVANT STANDARD",SAP_ONGC
IOCL-1241,"MULTI STAGE CENTRIFUGAL PUMP, DN 80 X DN 50, 25 BAR, STAINLESS STEEL 316",EA,"ISO 2858 SPEC COMPLIANT, TESTING AS PER RELEVANT STANDARD",SAP_IOCL
GAIL-1242,"STUD BOLT CADMIUM PLATED 5/8"" X 3.5"" RATING CLASS 2A/2B ASTM A193 GRADE B7 WITH A194 2H",SET,"ASME B18.2.2 SPEC COMPLIANT, TESTING AS PER RELEVANT STANDARD",SAP_GAIL
BPCL-1243,"BLIND FLANGE RAISED FACE 8"" RATING 600# ASTM A350 LF2",EA,"ASME B16.5 SPEC COMPLIANT, TESTING AS PER RELEVANT STANDARD",SAP_BPCL
HPCL-1244,GATE VALVE 4IN 900# ASTM A350 LF2 RISING STEM,EA,"API 602 SPEC COMPLIANT, TESTING AS PER RELEVANT STANDARD",SAP_HPCL
ONGC-1245,"1"" X 6.5"" STUD BOLT ASTM A320 L7 CLASS 2A/2B ASME B18.2.1",NOS,"ASME B18.2.1 SPEC COMPLIANT, TESTING AS PER RELEVANT STANDARD",SAP_ONGC
IOCL-1246,GATE VALVE DN100 900# ASTM A350 LF2 RISING STEM,EA,"API 602 SPEC COMPLIANT, TESTING AS PER RELEVANT STANDARD",SAP_IOCL
GAIL-1247,"RISING STEM GATE VALVE, 4"", 900#, ASTM A350 LF2",EACH,"API 602 SPEC COMPLIANT, TESTING AS PER RELEVANT STANDARD",SAP_GAIL
BPCL-1248,"PTFE FILLER SPIRAL WOUND GASKET, 4 IN, 300LBS, SS 304 WINDINGS",NUMBER,"ASME B16.20 SPEC COMPLIANT, TESTING AS PER RELEVANT STANDARD",SAP_BPCL
HPCL-1249,"3-PIECE BALL VALVE, 1/2"", 900#, SS 316",NUMBER,"API 608 SPEC COMPLIANT, TESTING AS PER RELEVANT STANDARD",SAP_HPCL
ONGC-1250,WELD NECK FLANGE 2 INCH 600# ASTM A350 LF2 RING TYPE JOINT,NUMBER,"ASME B16.5 SPEC COMPLIANT, TESTING AS PER RELEVANT STANDARD",SAP_ONGC
IOCL-1251,CENTRIFUGAL PUMP HORIZONTAL SPLIT CASE DN 100 X DN 80 RATING 40 BAR DUCTILE IRON DI,EACH,"ISO 2858 SPEC COMPLIANT, TESTING AS PER RELEVANT STANDARD",SAP_IOCL
GAIL-1252,"BLIND FLANGE RTJ FACING 8"" RATING CLASS 150 ASTM A182 F316L",NOS,"ASME B16.5 SPEC COMPLIANT, TESTING AS PER RELEVANT STANDARD",SAP_GAIL
BPCL-1253,CENTRIFUGAL PUMP DN 150 X DN 100 16 BAR DUCTILE IRON DI MULTI STAGE,EA,"ISO 2858 SPEC COMPLIANT, TESTING AS PER RELEVANT STANDARD",SAP_BPCL
HPCL-1254,"WELD NECK FLANGE RING TYPE JOINT 2"" RATING 600 LB ASTM A350 LF2",NUMBER,"ASME B16.5 SPEC COMPLIANT, TESTING AS PER RELEVANT STANDARD",SAP_HPCL
ONGC-1255,"BLIND FLANGE 10"" 300LBS ASTM A105 SMOOTH FINISH",EA,"ASME B16.5 SPEC COMPLIANT, TESTING AS PER RELEVANT STANDARD",SAP_ONGC
IOCL-1256,"BLIND FLANGE 4"" CL 150 ASTM A182 F316L RAISED FACE",NOS,"ASME B16.5 SPEC COMPLIANT, TESTING AS PER RELEVANT STANDARD",SAP_IOCL
GAIL-1257,"10"" BALL VALVE ASTM A350 LF2 600# BS 5351",NOS,"BS 5351 SPEC COMPLIANT, TESTING AS PER RELEVANT STANDARD",SAP_GAIL
BPCL-1258,"WEDGE TYPE GATE VALVE, 6"", 600#, ASTM A217 WC6",EA,"API 602 SPEC COMPLIANT, TESTING AS PER RELEVANT STANDARD",SAP_BPCL
HPCL-1259,"RAISED FACE WELD NECK FLANGE, 4"", CLASS 600, ASTM A182 F316L",NUMBER,"ASME B16.47 SPEC COMPLIANT, TESTING AS PER RELEVANT STANDARD",SAP_HPCL
ONGC-1260,BLIND FLANGE RTJ FACING 2 INCH RATING 300# ASTM A350 LF2,PC,"ASME B16.5 SPEC COMPLIANT, TESTING AS PER RELEVANT STANDARD",SAP_ONGC
IOCL-1261,"6"" SEAMLESS PIPE API 5L GRADE B SCH 40 API 5L",MTR,"API 5L SPEC COMPLIANT, TESTING AS PER RELEVANT STANDARD",SAP_IOCL
GAIL-1262,"GATE VALVE 6"" CL 600 ASTM A217 WC6 WEDGE TYPE",PC,"API 602 SPEC COMPLIANT, TESTING AS PER RELEVANT STANDARD",SAP_GAIL
BPCL-1263,"BALL VALVE 3-PIECE 1-1/2"" RATING 1500# SS 316",SET,"API 6D SPEC COMPLIANT, TESTING AS PER RELEVANT STANDARD",SAP_BPCL
HPCL-1264,4 INCH SPIRAL WOUND GASKET SS 304 WINDINGS 300# ASME B16.20,NOS,"ASME B16.20 SPEC COMPLIANT, TESTING AS PER RELEVANT STANDARD",SAP_HPCL
ONGC-1265,"MULTI STAGE CENTRIFUGAL PUMP, DN 80 X DN 50, 40 BAR, DUCTILE IRON DI",NOS,"ISO 2858 SPEC COMPLIANT, TESTING AS PER RELEVANT STANDARD",SAP_ONGC
IOCL-1266,"SPIRAL WOUND GASKET 4"" 300# SS 304 WINDINGS PTFE FILLER",NOS,"ASME B16.20 SPEC COMPLIANT, TESTING AS PER RELEVANT STANDARD",SAP_IOCL
GAIL-1267,"BLIND FLANGE RTJ FACING 8"" RATING 600 LB ASTM A182 F316L",NOS,"ASME B16.5 SPEC COMPLIANT, TESTING AS PER RELEVANT STANDARD",SAP_GAIL
BPCL-1268,"SEAMLESS PIPE THREADED 10"" RATING SCH 80 ASTM A312 TP316L",LENGTH,"ASTM A53 SPEC COMPLIANT, TESTING AS PER RELEVANT STANDARD",SAP_BPCL
HPCL-1269,"8"" BLIND FLANGE ASTM A182 F316L 600# ASME B16.5",NOS,"ASME B16.5 SPEC COMPLIANT, TESTING AS PER RELEVANT STANDARD",SAP_HPCL
ONGC-1270,"SMOOTH FINISH BLIND FLANGE, 3"", 300#, ASTM A105",EA,"ASME B16.5 SPEC COMPLIANT, TESTING AS PER RELEVANT STANDARD",SAP_ONGC
IOCL-1271,"RTJ FACING BLIND FLANGE, 2IN, CL 300, ASTM A350 LF2",EA,"ASME B16.5 SPEC COMPLIANT, TESTING AS PER RELEVANT STANDARD",SAP_IOCL
GAIL-1272,DN 80 X DN 50 CENTRIFUGAL PUMP STAINLESS STEEL 316 16 BAR API 610,NOS,"API 610 SPEC COMPLIANT, TESTING AS PER RELEVANT STANDARD",SAP_GAIL
BPCL-1273,"WITH 2 HEAVY HEX NUTS STUD BOLT, 7/8"" X 5.5"", CLASS 2A/2B, ASTM A193 B8M WITH A194 8M",EA,"ASME B18.2.2 SPEC COMPLIANT, TESTING AS PER RELEVANT STANDARD",SAP_BPCL
HPCL-1274,CENTRIFUGAL PUMP DN 150 X DN 100 16 BAR DUCTILE IRON DI MULTI STAGE,EA,"ISO 2858 SPEC COMPLIANT, TESTING AS PER RELEVANT STANDARD",SAP_HPCL
ONGC-1275,"FLOATING BALL VALVE, 1"", 900#, ASTM A216 WCB",NUMBER,"API 6D SPEC COMPLIANT, TESTING AS PER RELEVANT STANDARD",SAP_ONGC
IOCL-1276,"3-PIECE BALL VALVE, 1/2"", 900#, SS 316",NUMBER,"API 608 SPEC COMPLIANT, TESTING AS PER RELEVANT STANDARD",SAP_IOCL
GAIL-1277,CENTRIFUGAL PUMP MULTI STAGE DN 80 X DN 50 RATING 25 BAR SS 316,NOS,"ISO 2858 SPEC COMPLIANT, TESTING AS PER RELEVANT STANDARD",SAP_GAIL
BPCL-1278,"8"" BLIND FLANGE ASTM A182 F316L CLASS 600 ASME B16.5",PC,"ASME B16.5 SPEC COMPLIANT, TESTING AS PER RELEVANT STANDARD",SAP_BPCL
HPCL-1279,"FLAT FACE WELD NECK FLANGE, 6"", CL 150, ASTM A182 F304L",EA,"ASME B16.5 SPEC COMPLIANT, TESTING AS PER RELEVANT STANDARD",SAP_HPCL
ONGC-1280,"RISING STEM GATE VALVE, 4"", 900#, ASTM A350 LF2",EA,"API 602 SPEC COMPLIANT, TESTING AS PER RELEVANT STANDARD",SAP_ONGC
IOCL-1281,"RAISED FACE WELD NECK FLANGE, 10"", 1500#, ASTM A182 F316L",NUMBER,"ASME B16.5 SPEC COMPLIANT, TESTING AS PER RELEVANT STANDARD",SAP_IOCL
GAIL-1282,6IN GATE VALVE ASTM A216 WCB CLASS 300 API 600,NOS,"API 600 SPEC COMPLIANT, TESTING AS PER RELEVANT STANDARD",SAP_GAIL
BPCL-1283,CENTRIFUGAL PUMP DN 50 X DN 32 16 BAR STAINLESS STEEL 316 HORIZONTAL SPLIT CASE,SET,"API 610 SPEC COMPLIANT, TESTING AS PER RELEVANT STANDARD",SAP_BPCL
HPCL-1284,BLIND FLANGE 4 INCH 150# ASTM A182 F316L RAISED FACE,NOS,"ASME B16.5 SPEC COMPLIANT, TESTING AS PER RELEVANT STANDARD",SAP_HPCL
ONGC-1285,DN 100 X DN 80 CENTRIFUGAL PUMP DUCTILE IRON DI 40 BAR ISO 2858,NOS,"ISO 2858 SPEC COMPLIANT, TESTING AS PER RELEVANT STANDARD",SAP_ONGC
IOCL-1286,BALL VALVE 3-PIECE DN50 RATING 1500# SS 316,NUMBER,"BS 5351 SPEC COMPLIANT, TESTING AS PER RELEVANT STANDARD",SAP_IOCL
GAIL-1287,"BALL VALVE 2-PIECE 12"" RATING CL 600 ASTM A350 LF2",SET,"API 6D SPEC COMPLIANT, TESTING AS PER RELEVANT STANDARD",SAP_GAIL
BPCL-1288,"BALL VALVE 1/2"" 300# ASTM A350 LF2 2-PIECE",SET,"ASME B16.34 SPEC COMPLIANT, TESTING AS PER RELEVANT STANDARD",SAP_BPCL
HPCL-1289,"BLIND FLANGE 10"" 300LBS ASTM A350 LF2 RTJ FACING",EA,"ASME B16.5 SPEC COMPLIANT, TESTING AS PER RELEVANT STANDARD",SAP_HPCL
ONGC-1290,"BALL VALVE 1"" 900# ASTM A216 WCB FLOATING",NUMBER,"API 6D SPEC COMPLIANT, TESTING AS PER RELEVANT STANDARD",SAP_ONGC
IOCL-1291,"1/2"" BALL VALVE SS 316 900# API 608",NUMBER,"API 608 SPEC COMPLIANT, TESTING AS PER RELEVANT STANDARD",SAP_IOCL
GAIL-1292,"BALL VALVE 1/2"" 600# ASTM A350 LF2 TRUNNION MOUNTED",EA,"API 6D SPEC COMPLIANT, TESTING AS PER RELEVANT STANDARD",SAP_GAIL
BPCL-1293,"BALL VALVE 3"" 300# ASTM A216 WCB FLOATING",NUMBER,"API 608 SPEC COMPLIANT, TESTING AS PER RELEVANT STANDARD",SAP_BPCL
HPCL-1294,"BALL VALVE 10"" 600 LB ASTM A216 WCB FULL BORE",SET,"ASME B16.34 SPEC COMPLIANT, TESTING AS PER RELEVANT STANDARD",SAP_HPCL
ONGC-1295,"FLOATING BALL VALVE, 8"", 1500#, SS 316",NOS,"ASME B16.34 SPEC COMPLIANT, TESTING AS PER RELEVANT STANDARD",SAP_ONGC
IOCL-1296,"MULTI STAGE CENTRIFUGAL PUMP, DN 80 X DN 50, 25 BAR, BRONZE",EA,"API 610 SPEC COMPLIANT, TESTING AS PER RELEVANT STANDARD",SAP_IOCL
GAIL-1297,"2"" BLIND FLANGE ASTM A350 LF2 CLASS 300 ASME B16.5",EA,"ASME B16.5 SPEC COMPLIANT, TESTING AS PER RELEVANT STANDARD",SAP_GAIL
BPCL-1298,2IN SPIRAL WOUND GASKET SS 304 WINDINGS 600# ASME B16.20,EA,"ASME B16.20 SPEC COMPLIANT, TESTING AS PER RELEVANT STANDARD",SAP_BPCL
HPCL-1299,"6"" BALL VALVE DUPLEX 2205 150# API 6D",NUMBER,"API 6D SPEC COMPLIANT, TESTING AS PER RELEVANT STANDARD",SAP_HPCL
ONGC-1300,"3"" BLIND FLANGE ASTM A105 300# ASME B16.5",EA,"ASME B16.5 SPEC COMPLIANT, TESTING AS PER RELEVANT STANDARD",SAP_ONGC
IOCL-1301,"BALL VALVE TRUNNION MOUNTED 1/2"" RATING 600# ASTM A350 LF2",EA,"API 6D SPEC COMPLIANT, TESTING AS PER RELEVANT STANDARD",SAP_IOCL
GAIL-1302,"8"" BLIND FLANGE ASTM A182 F316L 600# ASME B16.5",EACH,"ASME B16.5 SPEC COMPLIANT, TESTING AS PER RELEVANT STANDARD",SAP_GAIL
BPCL-1303,"BALL VALVE TRUNNION MOUNTED 10"" RATING 900# DUPLEX 2205",NOS,"BS 5351 SPEC COMPLIANT, TESTING AS PER RELEVANT STANDARD",SAP_BPCL
HPCL-1304,"FLEXIBLE WEDGE GATE VALVE, 6 INCH, 600LBS, SS 316L",PC,"API 600 SPEC COMPLIANT, TESTING AS PER RELEVANT STANDARD",SAP_HPCL
ONGC-1305,"BALL VALVE FULL BORE 1/2"" RATING 1500# SS 304",NUMBER,"ASME B16.34 SPEC COMPLIANT, TESTING AS PER RELEVANT STANDARD",SAP_ONGC
IOCL-1306,SPIRAL WOUND GASKET DN100 CLASS 600 SS 304 WINDINGS WITH INNER & OUTER RING,NOS,"ASME B16.20 SPEC COMPLIANT, TESTING AS PER RELEVANT STANDARD",SAP_IOCL
GAIL-1307,"3-PIECE BALL VALVE, 1/2"", 900#, SS 316",NUMBER,"API 608 SPEC COMPLIANT, TESTING AS PER RELEVANT STANDARD",SAP_GAIL
BPCL-1308,"1/2"" BALL VALVE SS 304 1500# ASME B16.34",NUMBER,"ASME B16.34 SPEC COMPLIANT, TESTING AS PER RELEVANT STANDARD",SAP_BPCL
HPCL-1309,"BALL VALVE 2-PIECE 2"" RATING 150# SS 304",SET,"API 608 SPEC COMPLIANT, TESTING AS PER RELEVANT STANDARD",SAP_HPCL
ONGC-1310,GATE VALVE RISING STEM 6IN RATING 300 LB ASTM A216 WCB,NOS,"API 600 SPEC COMPLIANT, TESTING AS PER RELEVANT STANDARD",SAP_ONGC
IOCL-1311,"BLIND FLANGE SMOOTH FINISH 8"" RATING 150LBS ASTM A350 LF2",NOS,"ASME B16.5 SPEC COMPLIANT, TESTING AS PER RELEVANT STANDARD",SAP_IOCL
GAIL-1312,2 IN SPIRAL WOUND GASKET SS 304 WINDINGS 600# ASME B16.20,PC,"ASME B16.20 SPEC COMPLIANT, TESTING AS PER RELEVANT STANDARD",SAP_GAIL
BPCL-1313,"RING TYPE JOINT WELD NECK FLANGE, 3IN, 600LBS, ASTM A182 F304L",NOS,"DIN 2633 SPEC COMPLIANT, TESTING AS PER RELEVANT STANDARD",SAP_BPCL
HPCL-1314,"BLIND FLANGE 8"" 600# ASTM A350 LF2 RAISED FACE",NOS,"ASME B16.5 SPEC COMPLIANT, TESTING AS PER RELEVANT STANDARD",SAP_HPCL
ONGC-1315,CENTRIFUGAL PUMP MULTI STAGE DN 150 X DN 100 RATING 40 BAR DUCTILE IRON DI,SET,"API 610 SPEC COMPLIANT, TESTING AS PER RELEVANT STANDARD",SAP_ONGC
IOCL-1316,"WELD NECK FLANGE 8"" 150# ASTM A182 F316L FLAT FACE",EACH,"ASME B16.5 SPEC COMPLIANT, TESTING AS PER RELEVANT STANDARD",SAP_IOCL
GAIL-1317,CENTRIFUGAL PUMP DN 80 X DN 50 25 BAR SST 316 MULTI STAGE,NOS,"ISO 2858 SPEC COMPLIANT, TESTING AS PER RELEVANT STANDARD",SAP_GAIL
BPCL-1318,"FLOATING BALL VALVE, 6IN, 150LBS, DUPLEX 2205",NUMBER,"API 6D SPEC COMPLIANT, TESTING AS PER RELEVANT STANDARD",SAP_BPCL
HPCL-1319,"10"" BLIND FLANGE ASTM A105 300# ASME B16.5",EA,"ASME B16.5 SPEC COMPLIANT, TESTING AS PER RELEVANT STANDARD",SAP_HPCL
ONGC-1320,"SPIRAL WOUND GASKET 8"" 900# SS 316L WINDINGS WITH CS OUTER RING GRAPHITE FILLER",PCS,"ASME B16.20 SPEC COMPLIANT, TESTING AS PER RELEVANT STANDARD",SAP_ONGC
IOCL-1321,"BLIND FLANGE SMOOTH FINISH 10"" RATING 300# ASTM A105",EACH,"ASME B16.5 SPEC COMPLIANT, TESTING AS PER RELEVANT STANDARD",SAP_IOCL
GAIL-1322,"GATE VALVE FLEXIBLE WEDGE 6"" RATING 600LBS SS 316L",PC,"API 600 SPEC COMPLIANT, TESTING AS PER RELEVANT STANDARD",SAP_GAIL
BPCL-1323,"BLIND FLANGE RAISED FACE 4"" RATING 150# ASTM A182 F316L",NOS,"ASME B16.5 SPEC COMPLIANT, TESTING AS PER RELEVANT STANDARD",SAP_BPCL
HPCL-1324,"STUD BOLT WITH 2 HEAVY HEX NUTS 7/8"" X 5.5"" RATING CLASS 2A/2B ASTM A193 GRADE B7 WITH A194 2H",EA,"ASME B18.2.2 SPEC COMPLIANT, TESTING AS PER RELEVANT STANDARD",SAP_HPCL
ONGC-1325,"8"" SPIRAL WOUND GASKET SS 316L WINDINGS WITH CS OUTER RING 900# ASME B16.20",PCS,"ASME B16.20 SPEC COMPLIANT, TESTING AS PER RELEVANT STANDARD",SAP_ONGC
IOCL-1326,"6"" GATE VALVE SS 316L 600LBS API 600",PC,"API 600 SPEC COMPLIANT, TESTING AS PER RELEVANT STANDARD",SAP_IOCL
GAIL-1327,"RING TYPE JOINT WELD NECK FLANGE, 2 IN, 600#, ASTM A350 LF2",NUMBER,"ASME B16.5 SPEC COMPLIANT, TESTING AS PER RELEVANT STANDARD",SAP_GAIL
BPCL-1328,"RTJ FACING BLIND FLANGE, DN50, CLASS 300, ASTM A350 LF2",EA,"ASME B16.5 SPEC COMPLIANT, TESTING AS PER RELEVANT STANDARD",SAP_BPCL
HPCL-1329,"STUD BOLT 3/4"" X 4.5"" CLASS 2A/2B ASTM A320 L7 WITH 2 HEAVY HEX NUTS",NUMBER,"ASME B18.2.1 SPEC COMPLIANT, TESTING AS PER RELEVANT STANDARD",SAP_HPCL
ONGC-1330,"1"" X 6.5"" STUD BOLT ASTM A320 L7 CLASS 2A/2B ASME B18.2.1",NOS,"ASME B18.2.1 SPEC COMPLIANT, TESTING AS PER RELEVANT STANDARD",SAP_ONGC
IOCL-1331,"MULTI STAGE CENTRIFUGAL PUMP, DN 80 X DN 50, 25 BAR, BRONZE",EA,"API 610 SPEC COMPLIANT, TESTING AS PER RELEVANT STANDARD",SAP_IOCL
GAIL-1332,CENTRIFUGAL PUMP DN 80 X DN 50 25 BAR S.S. 316 MULTI STAGE,NOS,"ISO 2858 SPEC COMPLIANT, TESTING AS PER RELEVANT STANDARD",SAP_GAIL
BPCL-1333,"BALL VALVE FLOATING 1"" RATING 900# ASTM A216 WCB",NUMBER,"API 6D SPEC COMPLIANT, TESTING AS PER RELEVANT STANDARD",SAP_BPCL
HPCL-1334,"RAISED FACE BLIND FLANGE, 2 INCH, 300#, ASTM A350 LF2",EA,"ASME B16.5 SPEC COMPLIANT, TESTING AS PER RELEVANT STANDARD",SAP_HPCL
ONGC-1335,"BALL VALVE 10"" 600LBS ASTM A350 LF2 FLOATING",NOS,"BS 5351 SPEC COMPLIANT, TESTING AS PER RELEVANT STANDARD",SAP_ONGC
IOCL-1336,DN 80 X DN 50 CENTRIFUGAL PUMP DUCTILE IRON DI 40 BAR ISO 2858,EACH,"ISO 2858 SPEC COMPLIANT, TESTING AS PER RELEVANT STANDARD",SAP_IOCL
GAIL-1337,"SPIRAL WOUND GASKET WITH INNER & OUTER RING 4"" RATING 600 LB SS 304 WINDINGS",EACH,"ASME B16.20 SPEC COMPLIANT, TESTING AS PER RELEVANT STANDARD",SAP_GAIL
BPCL-1338,"SMOOTH FINISH BLIND FLANGE, 3 INCH, CL 300, ASTM A105",PC,"ASME B16.5 SPEC COMPLIANT, TESTING AS PER RELEVANT STANDARD",SAP_BPCL
HPCL-1339,"8"" WELD NECK FLANGE ASTM A182 F316L 150# ASME B16.5",NOS,"ASME B16.5 SPEC COMPLIANT, TESTING AS PER RELEVANT STANDARD",SAP_HPCL
ONGC-1340,"2-PIECE BALL VALVE, 12"", 600#, ASTM A350 LF2",SET,"API 6D SPEC COMPLIANT, TESTING AS PER RELEVANT STANDARD",SAP_ONGC
IOCL-1341,2 INCH BLIND FLANGE ASTM A182 F316L 150# ASME B16.5,PC,"ASME B16.5 SPEC COMPLIANT, TESTING AS PER RELEVANT STANDARD",SAP_IOCL
GAIL-1342,"FLEXIBLE WEDGE GATE VALVE, 2"", 1500#, ASTM A216 WCB",EA,"API 600 SPEC COMPLIANT, TESTING AS PER RELEVANT STANDARD",SAP_GAIL
BPCL-1343,"7/8"" X 5.5"" STUD BOLT ASTM A193 B8M WITH A194 8M CLASS 2A/2B ASME B18.2.2",EACH,"ASME B18.2.2 SPEC COMPLIANT, TESTING AS PER RELEVANT STANDARD",SAP_BPCL
HPCL-1344,"SEAMLESS PIPE 6"" SCH 40 API 5L GRADE B THREADED",METER,"API 5L SPEC COMPLIANT, TESTING AS PER RELEVANT STANDARD",SAP_HPCL
ONGC-1345,"MULTI STAGE CENTRIFUGAL PUMP, DN 80 X DN 50, 25 BAR, STAINLESS STEEL 316",EA,"ISO 5199 SPEC COMPLIANT, TESTING AS PER RELEVANT STANDARD",SAP_ONGC
IOCL-1346,"BLIND FLANGE 8"" CL 600 ASTM A350 LF2 RAISED FACE",EA,"ASME B16.5 SPEC COMPLIANT, TESTING AS PER RELEVANT STANDARD",SAP_IOCL
GAIL-1347,"7/8"" X 5.5"" STUD BOLT ASTM A193 B8M WITH A194 8M CLASS 2A/2B ASME B18.2.2",EA,"ASME B18.2.2 SPEC COMPLIANT, TESTING AS PER RELEVANT STANDARD",SAP_GAIL
BPCL-1348,CENTRIFUGAL PUMP HORIZONTAL SPLIT CASE DN 100 X DN 80 RATING 40 BAR DUCTILE IRON DI,NOS,"ISO 2858 SPEC COMPLIANT, TESTING AS PER RELEVANT STANDARD",SAP_BPCL
HPCL-1349,"GATE VALVE WEDGE TYPE 6"" RATING 600# ASTM A217 WC6",PC,"API 602 SPEC COMPLIANT, TESTING AS PER RELEVANT STANDARD",SAP_HPCL
ONGC-1350,3 INCH SPIRAL WOUND GASKET SS 304 WINDINGS 900# ASME B16.20,NOS,"ASME B16.20 SPEC COMPLIANT, TESTING AS PER RELEVANT STANDARD",SAP_ONGC
IOCL-1351,"GRAPHITE FILLER SPIRAL WOUND GASKET, 8"", 900#, SS 316L WINDINGS WITH CS OUTER RING",PCS,"ASME B16.20 SPEC COMPLIANT, TESTING AS PER RELEVANT STANDARD",SAP_IOCL
GAIL-1352,"8"" WELD NECK FLANGE ASTM A182 F316L 150# ASME B16.5",EA,"ASME B16.5 SPEC COMPLIANT, TESTING AS PER RELEVANT STANDARD",SAP_GAIL
BPCL-1353,"10"" BLIND FLANGE ASTM A105 300# ASME B16.5",EA,"ASME B16.5 SPEC COMPLIANT, TESTING AS PER RELEVANT STANDARD",SAP_BPCL
HPCL-1354,"RAISED FACE BLIND FLANGE, 8"", CLASS 600, ASTM A350 LF2",EA,"ASME B16.5 SPEC COMPLIANT, TESTING AS PER RELEVANT STANDARD",SAP_HPCL
ONGC-1355,"BLIND FLANGE SMOOTH FINISH 10"" RATING CL 300 ASTM A105",PC,"ASME B16.5 SPEC COMPLIANT, TESTING AS PER RELEVANT STANDARD",SAP_ONGC
IOCL-1356,"FLOATING BALL VALVE, DN150, 150 LB, DUPLEX 2205",NUMBER,"API 6D SPEC COMPLIANT, TESTING AS PER RELEVANT STANDARD",SAP_IOCL
GAIL-1357,"GRAPHITE FILLER SPIRAL WOUND GASKET, 8"", 900#, SS 316L WINDINGS WITH CS OUTER RING",PCS,"ASME B16.20 SPEC COMPLIANT, TESTING AS PER RELEVANT STANDARD",SAP_GAIL
BPCL-1358,BLIND FLANGE 4 IN CL 150 ASTM A182 F316L RAISED FACE,NOS,"ASME B16.5 SPEC COMPLIANT, TESTING AS PER RELEVANT STANDARD",SAP_BPCL
HPCL-1359,WELD NECK FLANGE 6IN 150# ASTM A182 F304L FLAT FACE,EA,"ASME B16.5 SPEC COMPLIANT, TESTING AS PER RELEVANT STANDARD",SAP_HPCL
ONGC-1360,"FULLY THREADED STUD BOLT, 1"" X 6.5"", CLASS 2A/2B, ASTM A320 L7",NOS,"ASME B18.2.1 SPEC COMPLIANT, TESTING AS PER RELEVANT STANDARD",SAP_ONGC
IOCL-1361,SPIRAL WOUND GASKET WITH INNER & OUTER RING 4 INCH RATING CL 600 SS 304 WINDINGS,NOS,"ASME B16.20 SPEC COMPLIANT, TESTING AS PER RELEVANT STANDARD",SAP_IOCL
GAIL-1362,"WITH 2 HEAVY HEX NUTS STUD BOLT, 3/4"" X 4.5"", CLASS 2A/2B, ASTM A320 L7",EA,"ASME B18.2.1 SPEC COMPLIANT, TESTING AS PER RELEVANT STANDARD",SAP_GAIL
BPCL-1363,"RING TYPE JOINT WELD NECK FLANGE, 3"", CLASS 600, ASTM A182 F304L",NOS,"DIN 2633 SPEC COMPLIANT, TESTING AS PER RELEVANT STANDARD",SAP_BPCL
HPCL-1364,"BLIND FLANGE RAISED FACE 2"" RATING 300 LB ASTM A350 LF2",EA,"ASME B16.5 SPEC COMPLIANT, TESTING AS PER RELEVANT STANDARD",SAP_HPCL
ONGC-1365,"BLIND FLANGE 8"" 150# ASTM A182 F316L RTJ FACING",EA,"ASME B16.5 SPEC COMPLIANT, TESTING AS PER RELEVANT STANDARD",SAP_ONGC
IOCL-1366,DN50 SPIRAL WOUND GASKET SS 304 WINDINGS 600# ASME B16.20,EA,"ASME B16.20 SPEC COMPLIANT, TESTING AS PER RELEVANT STANDARD",SAP_IOCL
GAIL-1367,"6"" WELD NECK FLANGE ASTM A182 F304L 1500# ASME B16.5",NOS,"ASME B16.5 SPEC COMPLIANT, TESTING AS PER RELEVANT STANDARD",SAP_GAIL
BPCL-1368,WELD NECK FLANGE RAISED FACE 3 IN RATING 1500# ASTM A105,EA,"ASME B16.47 SPEC COMPLIANT, TESTING AS PER RELEVANT STANDARD",SAP_BPCL
HPCL-1369,"BLIND FLANGE 8"" CLASS 600 ASTM A350 LF2 RAISED FACE",EA,"ASME B16.5 SPEC COMPLIANT, TESTING AS PER RELEVANT STANDARD",SAP_HPCL
ONGC-1370,"SPIRAL WOUND GASKET WITH INNER & OUTER RING 4"" RATING 600 LB SS 304 WINDINGS",PC,"ASME B16.20 SPEC COMPLIANT, TESTING AS PER RELEVANT STANDARD",SAP_ONGC
IOCL-1371,"3/4"" X 4.5"" STUD BOLT ASTM A320 L7 CLASS 2A/2B ASME B18.2.1",EA,"ASME B18.2.1 SPEC COMPLIANT, TESTING AS PER RELEVANT STANDARD",SAP_IOCL
GAIL-1372,"STUD BOLT FULLY THREADED 1"" X 6.5"" RATING CLASS 2A/2B ASTM A320 L7",NOS,"ASME B18.2.1 SPEC COMPLIANT, TESTING AS PER RELEVANT STANDARD",SAP_GAIL
BPCL-1373,"8"" BLIND FLANGE ASTM A182 F316L 150# ASME B16.5",EA,"ASME B16.5 SPEC COMPLIANT, TESTING AS PER RELEVANT STANDARD",SAP_BPCL
HPCL-1374,"WEDGE TYPE GATE VALVE, 6 IN, 600#, ASTM A217 WC6",PC,"API 602 SPEC COMPLIANT, TESTING AS PER RELEVANT STANDARD",SAP_HPCL
ONGC-1375,"12"" BALL VALVE ASTM A350 LF2 600 LB API 6D",SET,"API 6D SPEC COMPLIANT, TESTING AS PER RELEVANT STANDARD",SAP_ONGC
IOCL-1376,SPIRAL WOUND GASKET 2IN 600 LB SS 304 WINDINGS WITH CENTERING RING,EACH,"ASME B16.20 SPEC COMPLIANT, TESTING AS PER RELEVANT STANDARD",SAP_IOCL
GAIL-1377,BLIND FLANGE SMOOTH FINISH 3 IN RATING 300 LB ASTM A105,EA,"ASME B16.5 SPEC COMPLIANT, TESTING AS PER RELEVANT STANDARD",SAP_GAIL
BPCL-1378,"STUD BOLT 7/8"" X 5.5"" CLASS 2A/2B ASTM A320 L7 WITH 2 HEAVY HEX NUTS",SET,"ASME B18.2.1 SPEC COMPLIANT, TESTING AS PER RELEVANT STANDARD",SAP_BPCL
HPCL-1379,"10"" WELD NECK FLANGE ASTM A182 F316L 1500# ASME B16.5",NUMBER,"ASME B16.5 SPEC COMPLIANT, TESTING AS PER RELEVANT STANDARD",SAP_HPCL
ONGC-1380,"10"" BALL VALVE ASTM A216 WCB 600# ASME B16.34",SET,"ASME B16.34 SPEC COMPLIANT, TESTING AS PER RELEVANT STANDARD",SAP_ONGC
IOCL-1381,"RISING STEM GATE VALVE, 3"", 900#, SS 316L",NOS,"API 602 SPEC COMPLIANT, TESTING AS PER RELEVANT STANDARD",SAP_IOCL
GAIL-1382,"SMOOTH FINISH BLIND FLANGE, 1"", CLASS 300, ASTM A350 LF2",EA,"ASME B16.5 SPEC COMPLIANT, TESTING AS PER RELEVANT STANDARD",SAP_GAIL
BPCL-1383,"BALL VALVE 1-1/2"" 1500# SS 316 3-PIECE",SET,"API 6D SPEC COMPLIANT, TESTING AS PER RELEVANT STANDARD",SAP_BPCL
HPCL-1384,"BALL VALVE TRUNNION MOUNTED 10"" RATING 900# DUPLEX 2205",EACH,"BS 5351 SPEC COMPLIANT, TESTING AS PER RELEVANT STANDARD",SAP_HPCL
ONGC-1385,"MULTI STAGE CENTRIFUGAL PUMP, DN 80 X DN 50, 25 BAR, BRONZE",EA,"API 610 SPEC COMPLIANT, TESTING AS PER RELEVANT STANDARD",SAP_ONGC
IOCL-1386,"RTJ FACING BLIND FLANGE, 2"", 300#, ASTM A350 LF2",PC,"ASME B16.5 SPEC COMPLIANT, TESTING AS PER RELEVANT STANDARD",SAP_IOCL
GAIL-1387,"SEAMLESS PIPE 6"" SCH 40 API 5L GRADE B THREADED",MTR,"API 5L SPEC COMPLIANT, TESTING AS PER RELEVANT STANDARD",SAP_GAIL
BPCL-1388,"BALL VALVE 1/2"" 1500# SS 304 FULL BORE",NUMBER,"ASME B16.34 SPEC COMPLIANT, TESTING AS PER RELEVANT STANDARD",SAP_BPCL
HPCL-1389,"GRAPHITE FILLER SPIRAL WOUND GASKET, 8"", 900#, SS 316L WINDINGS WITH CS OUTER RING",PCS,"ASME B16.20 SPEC COMPLIANT, TESTING AS PER RELEVANT STANDARD",SAP_HPCL
ONGC-1390,"12"" BALL VALVE ASTM A350 LF2 600# API 6D",SET,"API 6D SPEC COMPLIANT, TESTING AS PER RELEVANT STANDARD",SAP_ONGC
IOCL-1391,CENTRIFUGAL PUMP MULTI STAGE DN 80 X DN 50 RATING 25 BAR S.S. 316,NOS,"ISO 2858 SPEC COMPLIANT, TESTING AS PER RELEVANT STANDARD",SAP_IOCL
GAIL-1392,"FULL BORE BALL VALVE, 1/2"", 1500#, SS 304",NUMBER,"ASME B16.34 SPEC COMPLIANT, TESTING AS PER RELEVANT STANDARD",SAP_GAIL
BPCL-1393,"MULTI STAGE CENTRIFUGAL PUMP, DN 150 X DN 100, 40 BAR, DUCTILE IRON DI",SET,"API 610 SPEC COMPLIANT, TESTING AS PER RELEVANT STANDARD",SAP_BPCL
HPCL-1394,"SINGLE STAGE END SUCTION CENTRIFUGAL PUMP, DN 150 X DN 100, 16 BAR, DUCTILE IRON DI",NUMBER,"API 610 SPEC COMPLIANT, TESTING AS PER RELEVANT STANDARD",SAP_HPCL
ONGC-1395,"5/8"" X 3.5"" STUD BOLT ASTM A193 GRADE B7 WITH A194 2H CLASS 2A/2B ASME B18.2.2",EA,"ASME B18.2.2 SPEC COMPLIANT, TESTING AS PER RELEVANT STANDARD",SAP_ONGC
IOCL-1396,"BALL VALVE 2-PIECE 1/2"" RATING 300# ASTM A350 LF2",SET,"ASME B16.34 SPEC COMPLIANT, TESTING AS PER RELEVANT STANDARD",SAP_IOCL
GAIL-1397,"PTFE FILLER SPIRAL WOUND GASKET, 4"", 300#, SS 304 WINDINGS",NOS,"ASME B16.20 SPEC COMPLIANT, TESTING AS PER RELEVANT STANDARD",SAP_GAIL
BPCL-1398,"SMOOTH FINISH BLIND FLANGE, 2"", 150LBS, ASTM A182 F316L",NOS,"ASME B16.5 SPEC COMPLIANT, TESTING AS PER RELEVANT STANDARD",SAP_BPCL
HPCL-1399,"RAISED FACE BLIND FLANGE, 8"", 600#, ASTM A350 LF2",EA,"ASME B16.5 SPEC COMPLIANT, TESTING AS PER RELEVANT STANDARD",SAP_HPCL
ONGC-1400,WELD NECK FLANGE 3 INCH 600# ASTM A182 F304L RING TYPE JOINT,NOS,"DIN 2633 SPEC COMPLIANT, TESTING AS PER RELEVANT STANDARD",SAP_ONGC
IOCL-1401,"4"" WELD NECK FLANGE ASTM A182 F316L 600 LB ASME B16.47",NUMBER,"ASME B16.47 SPEC COMPLIANT, TESTING AS PER RELEVANT STANDARD",SAP_IOCL
GAIL-1402,"BLIND FLANGE RTJ FACING 10"" RATING 300LBS ASTM A350 LF2",NOS,"ASME B16.5 SPEC COMPLIANT, TESTING AS PER RELEVANT STANDARD",SAP_GAIL
BPCL-1403,"BLIND FLANGE RAISED FACE 2"" RATING 300# ASTM A350 LF2",EA,"ASME B16.5 SPEC COMPLIANT, TESTING AS PER RELEVANT STANDARD",SAP_BPCL
HPCL-1404,"STUD BOLT ZINC PLATED 5/8"" X 3.5"" RATING CLASS 2A/2B ASTM A193 GRADE B7 WITH A194 2H",EACH,"ASME B18.2.2 SPEC COMPLIANT, TESTING AS PER RELEVANT STANDARD",SAP_HPCL
ONGC-1405,DN 100 X DN 80 CENTRIFUGAL PUMP DUCTILE IRON DI 40 BAR ISO 2858,NOS,"ISO 2858 SPEC COMPLIANT, TESTING AS PER RELEVANT STANDARD",SAP_ONGC
IOCL-1406,"STUD BOLT ZINC PLATED 5/8"" X 3.5"" RATING CLASS 2A/2B ASTM A193 GRADE B7 WITH A194 2H",EA,"ASME B18.2.2 SPEC COMPLIANT, TESTING AS PER RELEVANT STANDARD",SAP_IOCL
GAIL-1407,2IN SPIRAL WOUND GASKET SS 304 WINDINGS CLASS 600 ASME B16.20,EA,"ASME B16.20 SPEC COMPLIANT, TESTING AS PER RELEVANT STANDARD",SAP_GAIL
BPCL-1408,"STUD BOLT WITH 2 HEAVY HEX NUTS 3/4"" X 4.5"" RATING CLASS 2A/2B ASTM A320 L7",PC,"ASME B18.2.1 SPEC COMPLIANT, TESTING AS PER RELEVANT STANDARD",SAP_BPCL
HPCL-1409,"BALL VALVE FLOATING 1"" RATING 900# ASTM A216 WCB",NUMBER,"API 6D SPEC COMPLIANT, TESTING AS PER RELEVANT STANDARD",SAP_HPCL
ONGC-1410,"SINGLE STAGE END SUCTION CENTRIFUGAL PUMP, DN 100 X DN 80, 40 BAR, DUCTILE IRON DI",EA,"ISO 2858 SPEC COMPLIANT, TESTING AS PER RELEVANT STANDARD",SAP_ONGC
IOCL-1411,"1/2"" BALL VALVE SS 316 900# API 608",NUMBER,"API 608 SPEC COMPLIANT, TESTING AS PER RELEVANT STANDARD",SAP_IOCL
GAIL-1412,"FLOATING BALL VALVE, 8"", 1500#, SS 316",EACH,"ASME B16.34 SPEC COMPLIANT, TESTING AS PER RELEVANT STANDARD",SAP_GAIL
BPCL-1413,"BALL VALVE 1/2"" 1500# SS 304 FULL BORE",NUMBER,"ASME B16.34 SPEC COMPLIANT, TESTING AS PER RELEVANT STANDARD",SAP_BPCL
HPCL-1414,"10"" WELD NECK FLANGE ASTM A182 F316L 1500# ASME B16.5",NUMBER,"ASME B16.5 SPEC COMPLIANT, TESTING AS PER RELEVANT STANDARD",SAP_HPCL
ONGC-1415,"FULL BORE BALL VALVE, 1/2"", 1500#, SS 304",NUMBER,"ASME B16.34 SPEC COMPLIANT, TESTING AS PER RELEVANT STANDARD",SAP_ONGC
IOCL-1416,"WELD NECK FLANGE RAISED FACE 12"" RATING 600# ASTM A105",EA,"DIN 2633 SPEC COMPLIANT, TESTING AS PER RELEVANT STANDARD",SAP_IOCL
GAIL-1417,GATE VALVE FLEXIBLE WEDGE 6 IN RATING CL 600 SS 316L,PC,"API 600 SPEC COMPLIANT, TESTING AS PER RELEVANT STANDARD",SAP_GAIL
BPCL-1418,"GATE VALVE 10"" 1500# ASTM A350 LF2 RISING STEM",NOS,"API 602 SPEC COMPLIANT, TESTING AS PER RELEVANT STANDARD",SAP_BPCL
HPCL-1419,"WITH 2 HEAVY HEX NUTS STUD BOLT, 7/8"" X 5.5"", CLASS 2A/2B, ASTM A193 GRADE B7 WITH A194 2H",EA,"ASME B18.2.2 SPEC COMPLIANT, TESTING AS PER RELEVANT STANDARD",SAP_HPCL
ONGC-1420,"BLIND FLANGE RTJ FACING 8"" RATING 300# ASTM A350 LF2",NOS,"ASME B16.5 SPEC COMPLIANT, TESTING AS PER RELEVANT STANDARD",SAP_ONGC
IOCL-1421,"WITH 2 HEAVY HEX NUTS STUD BOLT, 7/8"" X 5.5"", CLASS 2A/2B, ASTM A193 GRADE B7 WITH A194 2H",PC,"ASME B18.2.2 SPEC COMPLIANT, TESTING AS PER RELEVANT STANDARD",SAP_IOCL
GAIL-1422,"WELD NECK FLANGE 6"" 150# ASTM A182 F304L FLAT FACE",EA,"ASME B16.5 SPEC COMPLIANT, TESTING AS PER RELEVANT STANDARD",SAP_GAIL
BPCL-1423,DN100 SPIRAL WOUND GASKET SS 304 WINDINGS 150# ASME B16.20,NOS,"ASME B16.20 SPEC COMPLIANT, TESTING AS PER RELEVANT STANDARD",SAP_BPCL
HPCL-1424,"BLIND FLANGE 10"" 300# ASTM A105 SMOOTH FINISH",EA,"ASME B16.5 SPEC COMPLIANT, TESTING AS PER RELEVANT STANDARD",SAP_HPCL
ONGC-1425,"STUD BOLT WITH 2 HEAVY HEX NUTS 7/8"" X 5.5"" RATING CLASS 2A/2B ASTM A193 B8M WITH A194 8M",EA,"ASME B18.2.2 SPEC COMPLIANT, TESTING AS PER RELEVANT STANDARD",SAP_ONGC
IOCL-1426,"STUD BOLT 5/8"" X 3.5"" CLASS 2A/2B ASTM A193 GRADE B7 WITH A194 2H ZINC PLATED",EA,"ASME B18.2.2 SPEC COMPLIANT, TESTING AS PER RELEVANT STANDARD",SAP_IOCL
GAIL-1427,"GATE VALVE WEDGE TYPE 6"" RATING 600# ASTM A217 WC6",PC,"API 602 SPEC COMPLIANT, TESTING AS PER RELEVANT STANDARD",SAP_GAIL
BPCL-1428,"6"" GATE VALVE ASTM A217 WC6 600LBS API 602",PC,"API 602 SPEC COMPLIANT, TESTING AS PER RELEVANT STANDARD",SAP_BPCL
HPCL-1429,"8"" WELD NECK FLANGE ASTM A182 F316L 150# ASME B16.5",NOS,"ASME B16.5 SPEC COMPLIANT, TESTING AS PER RELEVANT STANDARD",SAP_HPCL
ONGC-1430,"SPIRAL WOUND GASKET GRAPHITE FILLER 8"" RATING 900# SS 316L WINDINGS WITH CS OUTER RING",PCS,"ASME B16.20 SPEC COMPLIANT, TESTING AS PER RELEVANT STANDARD",SAP_ONGC
IOCL-1431,"BLIND FLANGE 8"" CL 150 ASTM A350 LF2 SMOOTH FINISH",NOS,"ASME B16.5 SPEC COMPLIANT, TESTING AS PER RELEVANT STANDARD",SAP_IOCL
GAIL-1432,"3/4"" X 4.5"" STUD BOLT ASTM A320 L7 CLASS 2A/2B ASME B18.2.1",NOS,"ASME B18.2.1 SPEC COMPLIANT, TESTING AS PER RELEVANT STANDARD",SAP_GAIL
BPCL-1433,"BALL VALVE 2-PIECE 1/2"" RATING 300LBS ASTM A350 LF2",SET,"ASME B16.34 SPEC COMPLIANT, TESTING AS PER RELEVANT STANDARD",SAP_BPCL
HPCL-1434,"WELD NECK FLANGE 4"" 600# ASTM A182 F316L RAISED FACE",NUMBER,"ASME B16.47 SPEC COMPLIANT, TESTING AS PER RELEVANT STANDARD",SAP_HPCL
ONGC-1435,"GATE VALVE 2"" 300# ASTM A350 LF2 BOLTED BONNET",NUMBER,"ASME B16.34 SPEC COMPLIANT, TESTING AS PER RELEVANT STANDARD",SAP_ONGC
IOCL-1436,"WITH CENTERING RING SPIRAL WOUND GASKET, 2"", CLASS 600, SS 304 WINDINGS",EA,"ASME B16.20 SPEC COMPLIANT, TESTING AS PER RELEVANT STANDARD",SAP_IOCL
GAIL-1437,"PTFE FILLER SPIRAL WOUND GASKET, 3"", 900#, SS 304 WINDINGS",NOS,"ASME B16.20 SPEC COMPLIANT, TESTING AS PER RELEVANT STANDARD",SAP_GAIL
BPCL-1438,"WITH CENTERING RING SPIRAL WOUND GASKET, 2"", 600 LB, SS 304 WINDINGS",PC,"ASME B16.20 SPEC COMPLIANT, TESTING AS PER RELEVANT STANDARD",SAP_BPCL
HPCL-1439,"STUD BOLT 1"" X 6.5"" CLASS 2A/2B ASTM A320 L7 FULLY THREADED",PC,"ASME B18.2.1 SPEC COMPLIANT, TESTING AS PER RELEVANT STANDARD",SAP_HPCL
ONGC-1440,"WELD NECK FLANGE RAISED FACE 12"" RATING CLASS 600 ASTM A105",EA,"DIN 2633 SPEC COMPLIANT, TESTING AS PER RELEVANT STANDARD",SAP_ONGC
IOCL-1441,SPIRAL WOUND GASKET 2IN 600# SS 304 WINDINGS WITH CENTERING RING,EA,"ASME B16.20 SPEC COMPLIANT, TESTING AS PER RELEVANT STANDARD",SAP_IOCL
GAIL-1442,2 INCH BLIND FLANGE ASTM A350 LF2 300 LB ASME B16.5,EA,"ASME B16.5 SPEC COMPLIANT, TESTING AS PER RELEVANT STANDARD",SAP_GAIL
BPCL-1443,"STUD BOLT 1"" X 6.5"" CLASS 2A/2B ASTM A320 L7 FULLY THREADED",NOS,"ASME B18.2.1 SPEC COMPLIANT, TESTING AS PER RELEVANT STANDARD",SAP_BPCL
HPCL-1444,GATE VALVE RISING STEM 6 INCH RATING 300# ASTM A216 WCB,NOS,"API 600 SPEC COMPLIANT, TESTING AS PER RELEVANT STANDARD",SAP_HPCL
ONGC-1445,DN 80 X DN 50 CENTRIFUGAL PUMP SST 316 25 BAR ISO 2858,NOS,"ISO 2858 SPEC COMPLIANT, TESTING AS PER RELEVANT STANDARD",SAP_ONGC
IOCL-1446,"8"" BLIND FLANGE ASTM A182 F316L 300# ASME B16.5",NOS,"ASME B16.5 SPEC COMPLIANT, TESTING AS PER RELEVANT STANDARD",SAP_IOCL
GAIL-1447,WELD NECK FLANGE RAISED FACE 4IN RATING 600# ASTM A182 F316L,NUMBER,"ASME B16.47 SPEC COMPLIANT, TESTING AS PER RELEVANT STANDARD",SAP_GAIL
BPCL-1448,"FLOATING BALL VALVE, 6 IN, 150 LB, DUPLEX 2205",NUMBER,"API 6D SPEC COMPLIANT, TESTING AS PER RELEVANT STANDARD",SAP_BPCL
HPCL-1449,CENTRIFUGAL PUMP DN 80 X DN 50 40 BAR CAST IRON CI SINGLE STAGE END SUCTION,SET,"ISO 5199 SPEC COMPLIANT, TESTING AS PER RELEVANT STANDARD",SAP_HPCL
ONGC-1450,CENTRIFUGAL PUMP DN 150 X DN 100 16 BAR DUCTILE IRON DI SINGLE STAGE END SUCTION,EA,"API 610 SPEC COMPLIANT, TESTING AS PER RELEVANT STANDARD",SAP_ONGC
IOCL-1451,"BLIND FLANGE 10"" CL 300 ASTM A105 SMOOTH FINISH",EA,"ASME B16.5 SPEC COMPLIANT, TESTING AS PER RELEVANT STANDARD",SAP_IOCL
GAIL-1452,"STUD BOLT FULLY THREADED 1"" X 6.5"" RATING CLASS 2A/2B ASTM A320 L7",EA,"ASME B18.2.1 SPEC COMPLIANT, TESTING AS PER RELEVANT STANDARD",SAP_GAIL
BPCL-1453,DN50 BLIND FLANGE ASTM A350 LF2 300# ASME B16.5,EA,"ASME B16.5 SPEC COMPLIANT, TESTING AS PER RELEVANT STANDARD",SAP_BPCL
HPCL-1454,DN100 SPIRAL WOUND GASKET SS 304 WINDINGS 600 LB ASME B16.20,EACH,"ASME B16.20 SPEC COMPLIANT, TESTING AS PER RELEVANT STANDARD",SAP_HPCL
ONGC-1455,CENTRIFUGAL PUMP DN 80 X DN 50 25 BAR STAINLESS STEEL 316 MULTI STAGE,PC,"ISO 5199 SPEC COMPLIANT, TESTING AS PER RELEVANT STANDARD",SAP_ONGC
IOCL-1456,"12"" WELD NECK FLANGE ASTM A105 600LBS DIN 2633",EA,"DIN 2633 SPEC COMPLIANT, TESTING AS PER RELEVANT STANDARD",SAP_IOCL
GAIL-1457,"1"" BLIND FLANGE ASTM A350 LF2 300# ASME B16.5",EACH,"ASME B16.5 SPEC COMPLIANT, TESTING AS PER RELEVANT STANDARD",SAP_GAIL
BPCL-1458,SEAMLESS PIPE DN150 SCH 80 API 5L GRADE B SCH 40,METER,"API 5L SPEC COMPLIANT, TESTING AS PER RELEVANT STANDARD",SAP_BPCL
HPCL-1459,"RAISED FACE WELD NECK FLANGE, 10"", 1500#, ASTM A182 F316L",NUMBER,"ASME B16.5 SPEC COMPLIANT, TESTING AS PER RELEVANT STANDARD",SAP_HPCL
ONGC-1460,6 IN GATE VALVE ASTM A216 WCB CL 300 API 600,NOS,"API 600 SPEC COMPLIANT, TESTING AS PER RELEVANT STANDARD",SAP_ONGC
IOCL-1461,"8"" BLIND FLANGE ASTM A350 LF2 600# ASME B16.5",NOS,"ASME B16.5 SPEC COMPLIANT, TESTING AS PER RELEVANT STANDARD",SAP_IOCL
GAIL-1462,"RAISED FACE BLIND FLANGE, 4"", CLASS 150, ASTM A182 F316L",NOS,"ASME B16.5 SPEC COMPLIANT, TESTING AS PER RELEVANT STANDARD",SAP_GAIL
BPCL-1463,3 IN SPIRAL WOUND GASKET SS 304 WINDINGS 900# ASME B16.20,EACH,"ASME B16.20 SPEC COMPLIANT, TESTING AS PER RELEVANT STANDARD",SAP_BPCL
HPCL-1464,"RTJ FACING BLIND FLANGE, 8"", 300 LB, ASTM A182 F316L",NOS,"ASME B16.5 SPEC COMPLIANT, TESTING AS PER RELEVANT STANDARD",SAP_HPCL
ONGC-1465,"BALL VALVE 1/2"" 600LBS ASTM A350 LF2 TRUNNION MOUNTED",EA,"API 6D SPEC COMPLIANT, TESTING AS PER RELEVANT STANDARD",SAP_ONGC
IOCL-1466,"BLIND FLANGE RAISED FACE 8"" RATING CLASS 600 ASTM A350 LF2",NUMBER,"ASME B16.5 SPEC COMPLIANT, TESTING AS PER RELEVANT STANDARD",SAP_IOCL
GAIL-1467,"HORIZONTAL SPLIT CASE CENTRIFUGAL PUMP, DN 80 X DN 50, 16 BAR, STAINLESS STEEL 316",NOS,"API 610 SPEC COMPLIANT, TESTING AS PER RELEVANT STANDARD",SAP_GAIL
BPCL-1468,"WELD NECK FLANGE FLAT FACE 8"" RATING 150# ASTM A182 F316L",PC,"ASME B16.5 SPEC COMPLIANT, TESTING AS PER RELEVANT STANDARD",SAP_BPCL
HPCL-1469,WELD NECK FLANGE RING TYPE JOINT 3IN RATING 600LBS ASTM A182 F304L,NOS,"DIN 2633 SPEC COMPLIANT, TESTING AS PER RELEVANT STANDARD",SAP_HPCL
ONGC-1470,"BLIND FLANGE SMOOTH FINISH 2"" RATING 150# ASTM A182 F316L",EACH,"ASME B16.5 SPEC COMPLIANT, TESTING AS PER RELEVANT STANDARD",SAP_ONGC
IOCL-1471,CENTRIFUGAL PUMP DN 80 X DN 50 16 BAR STAINLESS STEEL 316 HORIZONTAL SPLIT CASE,NOS,"API 610 SPEC COMPLIANT, TESTING AS PER RELEVANT STANDARD",SAP_IOCL
GAIL-1472,"8"" BLIND FLANGE ASTM A182 F316L CL 300 ASME B16.5",NOS,"ASME B16.5 SPEC COMPLIANT, TESTING AS PER RELEVANT STANDARD",SAP_GAIL
BPCL-1473,"FLOATING BALL VALVE, 10"", CLASS 600, ASTM A350 LF2",NOS,"BS 5351 SPEC COMPLIANT, TESTING AS PER RELEVANT STANDARD",SAP_BPCL
HPCL-1474,"BALL VALVE 10"" 900# DUPLEX 2205 TRUNNION MOUNTED",NOS,"BS 5351 SPEC COMPLIANT, TESTING AS PER RELEVANT STANDARD",SAP_HPCL
ONGC-1475,"GATE VALVE RISING STEM 10"" RATING 1500# ASTM A350 LF2",NUMBER,"API 602 SPEC COMPLIANT, TESTING AS PER RELEVANT STANDARD",SAP_ONGC
IOCL-1476,CENTRIFUGAL PUMP MULTI STAGE DN 80 X DN 50 RATING 25 BAR STAINLESS STEEL 316,NOS,"ISO 2858 SPEC COMPLIANT, TESTING AS PER RELEVANT STANDARD",SAP_IOCL
GAIL-1477,"GATE VALVE 6"" 600# ASTM A217 WC6 WEDGE TYPE",EA,"API 602 SPEC COMPLIANT, TESTING AS PER RELEVANT STANDARD",SAP_GAIL
BPCL-1478,"STUD BOLT 1"" X 6.5"" CLASS 2A/2B ASTM A320 L7 FULLY THREADED",NOS,"ASME B18.2.1 SPEC COMPLIANT, TESTING AS PER RELEVANT STANDARD",SAP_BPCL
HPCL-1479,"MULTI STAGE CENTRIFUGAL PUMP, DN 80 X DN 50, 25 BAR, BRONZE",EA,"API 610 SPEC COMPLIANT, TESTING AS PER RELEVANT STANDARD",SAP_HPCL
ONGC-1480,"BALL VALVE FULL BORE 10"" RATING 600 LB ASTM A216 WCB",SET,"ASME B16.34 SPEC COMPLIANT, TESTING AS PER RELEVANT STANDARD",SAP_ONGC
IOCL-1481,"6"" SEAMLESS PIPE API 5L GRADE B SCH 80 API 5L",METER,"API 5L SPEC COMPLIANT, TESTING AS PER RELEVANT STANDARD",SAP_IOCL
GAIL-1482,"STUD BOLT WITH 2 HEAVY HEX NUTS 7/8"" X 5.5"" RATING CLASS 2A/2B ASTM A193 B8M WITH A194 8M",EACH,"ASME B18.2.2 SPEC COMPLIANT, TESTING AS PER RELEVANT STANDARD",SAP_GAIL
BPCL-1483,"TRUNNION MOUNTED BALL VALVE, 1/2"", 600#, ASTM A350 LF2",EA,"API 6D SPEC COMPLIANT, TESTING AS PER RELEVANT STANDARD",SAP_BPCL
HPCL-1484,"RTJ FACING BLIND FLANGE, 8"", CL 300, ASTM A350 LF2",NOS,"ASME B16.5 SPEC COMPLIANT, TESTING AS PER RELEVANT STANDARD",SAP_HPCL
ONGC-1485,"BALL VALVE TRUNNION MOUNTED 1/2"" RATING 600# ASTM A350 LF2",NOS,"API 6D SPEC COMPLIANT, TESTING AS PER RELEVANT STANDARD",SAP_ONGC
IOCL-1486,"STUD BOLT WITH 2 HEAVY HEX NUTS 3/4"" X 4.5"" RATING CLASS 2A/2B ASTM A320 L7",EA,"ASME B18.2.1 SPEC COMPLIANT, TESTING AS PER RELEVANT STANDARD",SAP_IOCL
GAIL-1487,"WELD NECK FLANGE 4"" CL 600 ASTM A182 F316L RAISED FACE",NUMBER,"ASME B16.47 SPEC COMPLIANT, TESTING AS PER RELEVANT STANDARD",SAP_GAIL
BPCL-1488,"BALL VALVE FLOATING 8"" RATING 1500# SS 316",NOS,"ASME B16.34 SPEC COMPLIANT, TESTING AS PER RELEVANT STANDARD",SAP_BPCL
HPCL-1489,"6"" SEAMLESS PIPE API 5L GRADE B SCH 80 API 5L",METER,"API 5L SPEC COMPLIANT, TESTING AS PER RELEVANT STANDARD",SAP_HPCL
ONGC-1490,WELD NECK FLANGE 6IN 1500# ASTM A182 F304L RAISED FACE,NOS,"ASME B16.5 SPEC COMPLIANT, TESTING AS PER RELEVANT STANDARD",SAP_ONGC
IOCL-1491,"SEAMLESS PIPE 6"" SCH 40 API 5L GRADE B THREADED",MTR,"API 5L SPEC COMPLIANT, TESTING AS PER RELEVANT STANDARD",SAP_IOCL
GAIL-1492,"BLIND FLANGE RAISED FACE 4"" RATING 150LBS ASTM A182 F316L",NUMBER,"ASME B16.5 SPEC COMPLIANT, TESTING AS PER RELEVANT STANDARD",SAP_GAIL
BPCL-1493,"BLIND FLANGE RTJ FACING 8"" RATING 300LBS ASTM A182 F316L",NUMBER,"ASME B16.5 SPEC COMPLIANT, TESTING AS PER RELEVANT STANDARD",SAP_BPCL
HPCL-1494,"BALL VALVE 2-PIECE 1/2"" RATING 300# ASTM A350 LF2",SET,"ASME B16.34 SPEC COMPLIANT, TESTING AS PER RELEVANT STANDARD",SAP_HPCL
ONGC-1495,"2"" BLIND FLANGE ASTM A350 LF2 300LBS ASME B16.5",NUMBER,"ASME B16.5 SPEC COMPLIANT, TESTING AS PER RELEVANT STANDARD",SAP_ONGC
IOCL-1496,"GATE VALVE 6"" 600 LB SS 316L FLEXIBLE WEDGE",PC,"API 600 SPEC COMPLIANT, TESTING AS PER RELEVANT STANDARD",SAP_IOCL
GAIL-1497,"SPIRAL WOUND GASKET GRAPHITE FILLER 8"" RATING 900# SS 316L WINDINGS WITH CS OUTER RING",PCS,"ASME B16.20 SPEC COMPLIANT, TESTING AS PER RELEVANT STANDARD",SAP_GAIL
BPCL-1498,"BALL VALVE 1/2"" 900# SS 316 3-PIECE",NUMBER,"API 608 SPEC COMPLIANT, TESTING AS PER RELEVANT STANDARD",SAP_BPCL
HPCL-1499,BALL VALVE DN80 300LBS ASTM A216 WCB FLOATING,EACH,"API 608 SPEC COMPLIANT, TESTING AS PER RELEVANT STANDARD",SAP_HPCL
